Predictor,Phenotype,Label,Category,Publication,QorB,Location,raw.GWAS.summary,Cojo.Files,method,Version,date_generated,reference.version,Ancestry,N,Ncase,Ncontrol,UKB.included.in.GWAS,paper.link,predictor_file,SBayesRC_hsq,N_COJO_SNPs,af.missing,unpicked_predictors_for_CEPH_project,Sample_Prevalence,Life_Risk_reference,Life_Risk,Life_Risk_based_h2_in_liability_scale,Population_Prevalence,population_prevalence_based_h2_in_liability_scale,Group,GRP,QIMR_HRC,QIMR_TopMed,NA06997_LowPass,NA06997_WGS,NA07029_WGS,NA10861_WGS,total.variance,LL.HRC
BMD_01,bone mineral density,bone mineral density,Biomarker,"Kim, 2018",Quantitative,Uno_Traits/Quantitative_Traits/,BMD_v3_SumStats_remove_outliers.ma,BMD_v3_SumStats_remove_outliers.ma.ma,SBayesRC,GCTB_v2.5.2,2/8/2024,7.3M,EUR,394929,NA,NA,Yes,https://journals.plos.org/plosone/article?id=10.1371/journal.pone.0200785 ,/QRISdata/Q6913/Uno_Traits/Quantitative_Traits/BMD_01/SBayesRC/GCTB_v2.5.2/BMD_01_SBayesRC.snpRes,0.502972,1271,,,NA,NA,NA,0.500605096,NA,0.500605096,Quantitative,0.999985415,0.999985415,0.948509436,0.999985415,0.999443205,0.999441422,0.999441902,0.499573864,0.999985415
BMI_02,body mass index,BMI,Physical measures,"Yengo L, et al., 2018",Quantitative,Uno_Traits/Quantitative_Traits/,Meta-analysis_Locke_et_al+UKBiobank_2018_UPDATED.txt.gz,Meta-analysis_Locke_et_al+UKBiobank_2018_UPDATED.txt.ma,SBayesRC,GCTB_v2.5.2,2/8/2024,Hapmap3,European meta,781563,NA,NA,Yes,https://doi.org/10.1093/hmg/ddy271,/QRISdata/Q6913/Uno_Traits/Quantitative_Traits/BMI_02/SBayesRC/GCTB_v2.5.2/BMI_02_SBayesRC.snpRes,0.208944,1021,,,NA,NA,NA,0.213682268,NA,0.213682268,Quantitative,0.999990443,0.999990418,0.99138848,0.999990443,0.999978969,0.999976337,0.999983945,0.209670554,0.999990443
BV_01,Brain Volume,Brain Volume,Cognitive,"Jansen et al., 2020",Quantitative,Uno_Traits/Quantitative_Traits/,meta_analysis_BV_Jansenetal_2020.sumstats.ma,meta_analysis_BV_Jansenetal_2020.sumstats.ma.ma,SBayesRC,GCTB_v2.5.2,2/8/2024,7.3M,EUR,47316,NA,NA,"Yes, 21407 samples from ukb",https://www.nature.com/articles/s41467-020-19378-5,/QRISdata/Q6913/Uno_Traits/Quantitative_Traits/BV_01/SBayesRC/GCTB_v2.5.2/BV_01_SBayesRC.snpRes,0.332616,19,,,NA,NA,NA,0.235101386,NA,0.235101386,Quantitative,0.999973894,0.999973894,0.976455225,0.999973894,0.999940282,0.999933439,0.99992275,0.336965254,0.999973894
C3_01,complement component 3,Complement Component 3,Biomarker,"Nis Borbye-Lorenzen et al., 2022",Quantitative,Uno_Traits/Quantitative_Traits/,ipsych2012_1kg_hrc_eur_m01_info0.8_c3_invnorm_fastgwa.fastGWA   ,ipsych2012_1kg_hrc_eur_m01_info0.8_c3_invnorm_fastgwa.fastGWA.ma,SBayesRC,GCTB_v2.5.2,2/8/2024,7.3M,EUR,68717,NA,NA,No,https://www.medrxiv.org/content/10.1101/2022.11.09.22281216v1.,/QRISdata/Q6913/Uno_Traits/Quantitative_Traits/C3_01/SBayesRC/GCTB_v2.5.2/C3_01_SBayesRC.snpRes,0.060002,13,,,NA,NA,NA,0.274270673,NA,0.274270673,Quantitative,0.999993305,0.999993305,0.978948786,0.999993305,0.997364177,0.99736306,0.997361977,0.0593362,0.999993305
C4_01,complement component 4,Complement Component 4,Biomarker,"Nis Borbye-Lorenzen et al., 2022",Quantitative,Uno_Traits/Quantitative_Traits/,ipsych2012_1kg_hrc_eur_m01_info0.8_c4_invnorm_fastgwa.fastGWA   ,ipsych2012_1kg_hrc_eur_m01_info0.8_c4_invnorm_fastgwa.fastGWA.ma,SBayesRC,GCTB_v2.5.2,2/8/2024,7.3M,EUR,68717,NA,NA,No,https://www.medrxiv.org/content/10.1101/2022.11.09.22281216v1.,/QRISdata/Q6913/Uno_Traits/Quantitative_Traits/C4_01/SBayesRC/GCTB_v2.5.2/C4_01_SBayesRC.snpRes,0.291158,88,,,NA,NA,NA,0.483236752,NA,0.483236752,Quantitative,0.999614809,0.999614809,0.946587127,0.999614809,0.999575078,0.999575338,0.999574738,0.328589812,0.999614809
EA_01,Education Attainment,Education Attainment,Cognitive,"Okbay et al., 2022",Quantitative,Uno_Traits/Quantitative_Traits/,EA4_additive_excl_23andMe.txt.gz ,GWAS_EA_excl23andMe.ma,SBayesRC,GCTB_v2.5.2,2/8/2024,7.3M,EUR,766345,NA,NA,yes,https://www.nature.com/articles/s41588-022-01016-z#data-availability ,/QRISdata/Q6913/Uno_Traits/Quantitative_Traits/EA_01/SBayesRC/GCTB_v2.5.2/EA_01_SBayesRC.snpRes,0.120118,470,,,NA,NA,NA,0.118672959,NA,0.118672959,Quantitative,0.999994789,0.999994789,0.983144116,0.999994789,0.99994372,0.999933234,0.999943687,0.120336946,0.999994789
EosCnt_01,Eosinophil count,Eosinophil count,Biomarker,"Jiang et al., 2019",Quantitative,Uno_Traits/Quantitative_Traits/,30150.fastGWA.gz,Eosinophill_count.ma,SBayesRC,GCTB_v2.5.2,2/8/2024,7.3M,EUR,441938,NA,NA,Yes,https://www.nature.com/articles/s41588-019-0530-8,/QRISdata/Q6913/Uno_Traits/Quantitative_Traits/EosCnt_01/SBayesRC/GCTB_v2.5.2/EosCnt_01_SBayesRC.snpRes,0.249447,680,,,NA,NA,NA,0.248666226,NA,0.248666226,Quantitative,0.999992967,0.999992967,0.983869201,0.999992967,0.999754142,0.999752478,0.999752955,0.246077828,0.999992967
FastingGlucose_01,Fasting glucose,Fasting glucose,Biomarker,"Lagou et al., 2021",Quantitative,Uno_Traits/Quantitative_Traits/,fasting_glucose_LagouV_2021_NC_ukb20kAF1.ma,FG_combined_1000G_density_formatted_21-03-29.txt.ma,SBayesRC,GCTB_v2.5.2,2/8/2024,Hapmap3,EUR,151188,NA,NA,no ,https://www.nature.com/articles/s41467-020-19366-9,/QRISdata/Q6913/Uno_Traits/Quantitative_Traits/FastingGlucose_01/SBayesRC/GCTB_v2.5.2/FastingGlucose_01_SBayesRC.snpRes,0.162965,67,Missing,,NA,NA,NA,0.128125408,NA,0.128125408,Quantitative,0.999993255,0.999993255,0.980380567,0.999993255,0.999992453,0.99999145,0.99999112,0.166148414,0.999993255
FEV1FEC_01,Forced expiratory volume in 1-second (FEV1),FEV1,Biomarker,"Jiang et al., 2019",Quantitative,Uno_Traits/Quantitative_Traits/,3063.fastGWA.gz,FEV1.ma,SBayesRC,GCTB_v2.5.2,2/8/2024,7.3M,EUR,415931,NA,NA,Yes,https://www.nature.com/articles/s41588-019-0530-8,/QRISdata/Q6913/Uno_Traits/Quantitative_Traits/FEV1FEC_01/SBayesRC/GCTB_v2.5.2/FEV1FEC_01_SBayesRC.snpRes,0.230125,511,,,NA,NA,NA,0.228783277,NA,0.228783277,Quantitative,0.999983455,0.999983455,0.98122582,0.999983455,0.999597185,0.999596683,0.999586594,0.230489978,0.999983455
Height_03,Height,Height,Physical measures,"Yengo, L., et al. 2022",Quantitative,Uno_Traits/Quantitative_Traits/,GIANT_HEIGHT_YENGO_2022_GWAS_SUMMARY_STATS_EUR,GIANT_HEIGHT_YENGO_2022_GWAS_SUMMARY_STATS_EUR.ma,SBayesRC,GCTB_v2.5.2,2/8/2024,Hapmap3,EUR,1597374,NA,NA,yes,https://doi.org/10.1038/s41586-022-05275-y,/QRISdata/Q6913/Uno_Traits/Quantitative_Traits/Height_03/SBayesRC/GCTB_v2.5.2/Height_03_SBayesRC.snpRes,0.518172,5049,,,NA,NA,NA,0.51599608,NA,0.51599608,Quantitative,0.999957302,0.999957302,0.991953513,0.999957302,0.999931968,0.999923815,0.999929417,0.585179387,0.999957302
HipCir_01,Hip circumference,Hip circumference,Physical measures,"Christakoudi, et al (2021) ",Quantitative,Uno_Traits/Quantitative_Traits/,GCST012229.tsv,GCST012229.tsv.ma,SBayesRC,GCTB_v2.5.2,2/8/2024,7.3M,EUR,186825,NA,NA,No,https://pubmed.ncbi.nlm.nih.gov/25673412/,/QRISdata/Q6913/Uno_Traits/Quantitative_Traits/HipCir_01/SBayesRC/GCTB_v2.5.2/HipCir_01_SBayesRC.snpRes,0.16673,76,,,NA,NA,NA,0.161285694,NA,0.161285694,Quantitative,0.99998275,0.99998275,0.981338323,0.99998275,0.999945695,0.999946467,0.999935733,0.16760963,0.99998275
Insomnia_01,Sleeplessness / insomnia,Insomnia,Mental Health Disorder,"Jiang et al., 2019",Quantitative,Uno_Traits/Quantitative_Traits/,1200.fastGWA.gz,1200.ma,SBayesRC,GCTB_v2.5.2,2/8/2024,7.3M,UKB EUR,455744,NA,NA,Yes,https://pubmed.ncbi.nlm.nih.gov/34737426/,/QRISdata/Q6913/Uno_Traits/Quantitative_Traits/Insomnia_01/SBayesRC/GCTB_v2.5.2/Insomnia_01_SBayesRC.snpRes,0.070956,50,,,NA,NA,NA,0.069497375,NA,0.069497375,Quantitative,0.999995936,0.999995936,0.980979202,0.999995936,0.999956727,0.99995887,0.999933325,0.071649429,0.999995936
Intelligence_01,Intelligence,Intelligence,Cognitive,"Savage et al., 2018",Quantitative,Uno_Traits/Quantitative_Traits/,SavageJansen_2018_intelligence_metaanalysis.txt,SavageJansen_2018_intelligence_metaanalysis.txt.ma,SBayesRC,GCTB_v2.5.2,2/8/2024,7.3M,EUR,269867,NA,NA,"Yes, including 17062 samples from ukb",https://www.nature.com/articles/s41588-018-0152-6,/QRISdata/Q6913/Uno_Traits/Quantitative_Traits/Intelligence_01/SBayesRC/GCTB_v2.5.2/Intelligence_01_SBayesRC.snpRes,0.226446,205,,,NA,NA,NA,0.211838787,NA,0.211838787,Quantitative,0.999988094,0.999988094,0.981452818,0.999988094,0.999950851,0.999958414,0.999962513,0.227400881,0.999988094
LymCnt_01,Lymphocyte count,Lymphocyte count,Biomarker,"Jiang et al., 2019",Quantitative,Uno_Traits/Quantitative_Traits/,30120.fastGWA.gz,30120.ma,SBayesRC,GCTB_v2.5.2,2/8/2024,7.3M,EUR,441938,NA,NA,Yes,https://www.nature.com/articles/s41588-019-0530-8,/QRISdata/Q6913/Uno_Traits/Quantitative_Traits/LymCnt_01/SBayesRC/GCTB_v2.5.2/LymCnt_01_SBayesRC.snpRes,0.248468,662,,,NA,NA,NA,0.247440395,NA,0.247440395,Quantitative,0.999986686,0.999986686,0.977020871,0.999986686,0.999892466,0.999888049,0.999841901,0.247348291,0.999986686
mtCNT_01,mitochondria count,Mitochondria count,Biomarker,"Longchamps et al., 2022",Quantitative,Uno_Traits/Quantitative_Traits/,mtDNA_CN.ALLm2.bgen.stats,mtDNA_CN.ALLm2.bgen.stats.ma,SBayesRC,GCTB_v2.5.2,2/8/2024,7.3M,EUR,465809,NA,NA,YES,https://pubmed.ncbi.nlm.nih.gov/34859289/,/QRISdata/Q6913/Uno_Traits/Quantitative_Traits/mtCNT_01/SBayesRC/GCTB_v2.5.2/mtCNT_01_SBayesRC.snpRes,0.055182,115,,,NA,NA,NA,0.053894567,NA,0.053894567,Quantitative,0.999991403,0.999991403,0.984076771,0.999991403,0.999841299,0.999846236,0.999831763,0.055826283,0.999991403
NeuCnt_01,Neutrophil count,Neutrophil count,Biomarker,"Jiang et al., 2019",Quantitative,Uno_Traits/Quantitative_Traits/,30140.fastGWA.gz,30140.ma,SBayesRC,GCTB_v2.5.2,2/8/2024,7.3M,EUR,441938,NA,NA,Yes,https://www.nature.com/articles/s41588-019-0530-8,/QRISdata/Q6913/Uno_Traits/Quantitative_Traits/NeuCnt_01/SBayesRC/GCTB_v2.5.2/NeuCnt_01_SBayesRC.snpRes,0.220317,549,,,NA,NA,NA,0.218161215,NA,0.218161215,Quantitative,0.999990158,0.999990158,0.984281711,0.999990158,0.99846297,0.998459595,0.998428202,0.219305843,0.999990158
PLT_02,platelet count,platelet count,Biomarker,"Jiang et al., 2019",Quantitative,Uno_Traits/Quantitative_Traits/,30080.fastGWA.gz,30080.ma,SBayesRC,GCTB_v2.5.2,2/8/2024,7.3M,UKB EUR,442725,NA,NA,Yes,https://www.nature.com/articles/s41588-019-0530-8,/QRISdata/Q6913/Uno_Traits/Quantitative_Traits/PLT_02/SBayesRC/GCTB_v2.5.2/PLT_02_SBayesRC.snpRes,0.371757,933,,,NA,NA,NA,0.36947624,NA,0.36947624,Quantitative,0.999983823,0.999983823,0.98126317,0.999983823,0.999955519,0.999956165,0.999948689,0.370309772,0.999983823
RandomGlucose_01,Random Glucose,Random Glucose,Biomarker,"Qiao et al., 2023",Quantitative,Uno_Traits/Quantitative_Traits/,Qiao_et_al_2023_mega-GWAS.txt,Qiao_et_al_2023_mega-GWAS.txt.ma,SBayesRC,GCTB_v2.5.2,2/8/2024,7.3M,EUR,367427,NA,NA,YES,https://pubmed.ncbi.nlm.nih.gov/36707517/,/QRISdata/Q6913/Uno_Traits/Quantitative_Traits/RandomGlucose_01/SBayesRC/GCTB_v2.5.2/RandomGlucose_01_SBayesRC.snpRes,0.084672,108,,,NA,NA,NA,0.083381386,NA,0.083381386,Quantitative,0.999996604,0.999996604,0.983391505,0.999996604,0.998011406,0.998015137,0.998011612,0.088573815,0.999996604
RBCCnt_01,Red blood cell (erythrocyte) count,Red blood cell count,Biomarker,"Jiang et al., 2019",Quantitative,Uno_Traits/Quantitative_Traits/,30010.fastGWA.gz,30010.ma,SBayesRC,GCTB_v2.5.2,2/8/2024,7.3M,UKB EUR,442728,NA,NA,Yes,https://www.nature.com/articles/s41588-019-0530-8,/QRISdata/Q6913/Uno_Traits/Quantitative_Traits/RBCCnt_01/SBayesRC/GCTB_v2.5.2/RBCCnt_01_SBayesRC.snpRes,0.289752,759,,,NA,NA,NA,0.288643427,NA,0.288643427,Quantitative,0.999972086,0.999972086,0.975173745,0.999972086,0.999917801,0.999920085,0.999872534,0.283592223,0.999972086
SBP_01,"Systolic blood pressure, automated reading",Systolic blood pressure,Cardiac Disorder,"Jiang et al., 2019",Quantitative,Uno_Traits/Quantitative_Traits/,4080.fastGWA.gz,Systolic_blood_pressure.ma,SBayesRC,GCTB_v2.5.2,2/8/2024,7.3M,EUR,430025,NA,NA,Yes,https://www.nature.com/articles/s41588-019-0530-8,/QRISdata/Q6913/Uno_Traits/Quantitative_Traits/SBP_01/SBayesRC/GCTB_v2.5.2/SBP_01_SBayesRC.snpRes,0.182855,413,,,NA,NA,NA,0.180091833,NA,0.180091833,Quantitative,0.999987676,0.999987676,0.983226062,0.999987676,0.999966597,0.999965713,0.999963591,0.185579229,0.999987676
SleepMidpoint_01,Sleep midpoint (hours from previous midnight),Sleep midpoint,Chronic conditions,"Jones, et al (2019)",Quantitative,Uno_Traits/Quantitative_Traits/,accel_GWAS_all_BOLT.output_HRC.only_plus.metrics_maf0.001_hwep1em12_info0.3.txt,accel_GWAS_all_BOLT.output_HRC.only_plus.metrics_maf0.001_hwep1em12_info0.3.txt.ma,SBayesRC,GCTB_v2.5.2,2/8/2024,7.3M,EUR,84810,NA,NA,Yes,https://pubmed.ncbi.nlm.nih.gov/30952852/,/QRISdata/Q6913/Uno_Traits/Quantitative_Traits/SleepMidpoint_01/SBayesRC/GCTB_v2.5.2/SleepMidpoint_01_SBayesRC.snpRes,0.100947,1,Missing,,NA,NA,NA,0.084335349,NA,0.084335349,Quantitative,0.999989193,0.999989193,0.974788415,0.999989193,0.999941946,0.999930583,0.999945631,0.101652838,0.999989193
SlpDu_01,Sleep duration,Sleep duration,Chronic conditions,"Jansen, et al (2019) ",Quantitative,Uno_Traits/Quantitative_Traits/,Sleepdur_sumstats_Jansenetal.txt,Sleepdur_sumstats_Jansenetal_fixed.txt.ma,SBayesRC,GCTB_v2.5.2,2/8/2024,7.3M,EUR,384317,NA,NA,Yes,https://pubmed.ncbi.nlm.nih.gov/30804565/,/QRISdata/Q6913/Uno_Traits/Quantitative_Traits/SlpDu_01/SBayesRC/GCTB_v2.5.2/SlpDu_01_SBayesRC.snpRes,0.076592,48,Missing,,NA,NA,NA,0.076236411,NA,0.076236411,Quantitative,0.999993945,0.999993945,0.980832171,0.999993945,0.999958516,0.999954335,0.999955867,0.077338425,0.999993945
VitDBP_01,Vitamin D-binding protein measurement,Vitamin D-binding protein,Biomarker,"Authors Albiñana et al., 2023",Quantitative,Uno_Traits/Quantitative_Traits/,GCST90162563_buildGRCh37.tsv,GCST90162563_buildGRCh37.tsv.ma,SBayesRC,GCTB_v2.5.2,2/8/2024,7.3M,EUR,65589,NA,NA,No ,https://www.nature.com/articles/s41467-023-36392-5,/QRISdata/Q6913/Uno_Traits/Quantitative_Traits/VitDBP_01/SBayesRC/GCTB_v2.5.2/VitDBP_01_SBayesRC.snpRes,0.557514,98,,,NA,NA,NA,0.693122559,NA,0.693122559,Quantitative,0.999998838,0.999998838,0.986166055,0.999998838,0.999971423,0.99997092,0.999971129,0.548034731,0.999998838
ADHD_01,ADHD,ADHD,Mental Health Disorder,Demontis 2023. Nat Gen,Binary,Uno_Traits/Binary_Traits/,ADHD_meta_Jan2022_iPSYCH1_iPSYCH2_deCODE_PGC.meta,ADHD_meta_Jan2022_iPSYCH1_iPSYCH2_deCODE_PGC.meta.ma,SBayesRC,GCTB_v2.5.2,2/8/2024,7.3M,EUR,225534,38691,186843,NO,https://doi.org/10.1038/s41588-022-01285-8,/QRISdata/Q6913/Uno_Traits/Binary_Traits/ADHD_01/SBayesRC/GCTB_v2.5.2/ADHD_01_SBayesRC.snpRes,0.106795,26,,,0.171552848,CDC estimates,0.095,0.288768358,0.05,0.236724494,Binary,0.99999587,0.99999587,0.981188555,0.99999587,0.999963302,0.999958273,0.999969964,0.107655536,0.99999587
AF_01,Atrial fibrillation,Atrial fibrillation,Cardiac Disorder,"Nielsen et al., 2018",Binary,Uno_Traits/Binary_Traits/,nielsen-thorolfsdottir-willer-NG2018-AFib-gwas-summary-statistics.tbl,nielsen-thorolfsdottir-willer-NG2018-AFib-gwas-summary-statistics.tbl.ma,SBayesRC,GCTB_v2.5.2,2/8/2024,7.3M,EUR,1030836,60620,970216,Yes,https://pubmed.ncbi.nlm.nih.gov/30061737/,/QRISdata/Q6913/Uno_Traits/Binary_Traits/AF_01/SBayesRC/GCTB_v2.5.2/AF_01_SBayesRC.snpRes,0.03046,152,,,0.058806638,Mayo Clinic,0.24,0.185567772,0.02,0.088331469,Binary,0.999991953,0.999991953,0.984991432,0.999991953,0.99977441,0.999868421,0.999865459,0.030241132,0.999991953
ALS_02,Amyotrophic lateral sclerosis,Amyotrophic lateral sclerosis,Neurodegenerative Disease,"van Rheenen et al., 2021",Binary,Uno_Traits/Binary_Traits/,GCST90027164_buildGRCh37.tsv,GCST90027164_buildGRCh37.tsv.ma,SBayesRC,GCTB_v2.5.2,2/8/2024,7.3M,EUR,138086,27205,110881,NO,https://doi.org/10.1038/s41588-021-00973-1,/QRISdata/Q6913/Uno_Traits/Binary_Traits/ALS_02/SBayesRC/GCTB_v2.5.2/ALS_02_SBayesRC.snpRes,0.098753,18,,,0.197014904,JAMA Neurology,0.003,0.095439742,1.00E-04,0.056979434,Binary,0.999991274,0.999991274,0.978321863,0.999991274,0.999942079,0.999950512,0.999945058,0.100846545,0.999991274
Alzheimer_02,Alzheimer disease,Alzheimer disease,Neurodegenerative Disease,"Wightman et al., 2021",Binary,Uno_Traits/Binary_Traits/,PGCALZ2sumstatsExcluding23andMe.txt,PGCALZ2sumstatsExcluding23andMe.txt.ma,SBayesRC,GCTB_v2.5.2,2/8/2024,7.3M,EUR,762917,86531,676386,Yes,https://www.nature.com/articles/s41588-021-00921-z,/QRISdata/Q6913/Uno_Traits/Binary_Traits/Alzheimer_02/SBayesRC/GCTB_v2.5.2/Alzheimer_02_SBayesRC.snpRes,0.039845,58,Missing,,0.11342125,Various epidemiological studies,0.12,0.080983939,0.05,0.061641973,Binary,0.99994827,0.99994827,0.984235024,0.99994827,0.999923061,0.999922784,0.999921155,0.043555854,0.99994827
Anorexia_01,Anorexia,Anorexia,Mental Health Disorder,Watson 2019,Binary,Uno_Traits/Binary_Traits/,pgcAN2.2019-07.modified.vcf.tsv,pgcAN2.2019-07.modified.vcf.tsv.ma,SBayesRC,GCTB_v2.5.2,2/8/2024,7.3M,EUR,72517,16992,55525,"Yes, some into meta",https://pubmed.ncbi.nlm.nih.gov/31308545/,/QRISdata/Q6913/Uno_Traits/Binary_Traits/Anorexia_01/SBayesRC/GCTB_v2.5.2/Anorexia_01_SBayesRC.snpRes,0.227679,8,Missing,,0.23431747,Psychiatric studies,0.009,0.182948854,0.005,0.160844359,Binary,0.999993327,0.999993327,0.980177662,0.999993327,0.999960699,0.999956426,0.999965924,0.229652514,0.999993327
ArHI_01,age-related hearing impairement,age-related hearing impairement,Aging,"Trpchevska et al., 2022",Binary,Uno_Traits/Binary_Traits/,hl_ma_nov18_v2_summarystats_09122021.txt,hl_ma_nov18_v2_summarystats_09122021.txt.ma,SBayesRC,GCTB_v2.5.2,2/8/2024,7.3M,EUR,723624,148152,575472,yes,https://pubmed.ncbi.nlm.nih.gov/35580588/,/QRISdata/Q6913/Uno_Traits/Binary_Traits/ArHI_01/SBayesRC/GCTB_v2.5.2/ArHI_01_SBayesRC.snpRes,0.031852,48,,,0.204736161,WHO reports,0.25,0.064788157,0.25,0.064788157,Binary,0.99999447,0.99999447,0.980165739,0.99999447,0.999960181,0.999958619,0.999959454,0.032018395,0.99999447
ASD_01,autism spectrum disorder,Autism Spectrum Disorder,Neurodevelopmental Disorder,"Grove et al., 2019",Binary,Uno_Traits/Binary_Traits/,iPSYCH-PGC_ASD_Nov2017,iPSYCH-PGC_ASD_Nov2017.ma,SBayesRC,GCTB_v2.5.2,2/8/2024,7.3M,EUR,46350,18381,27969,No,https://pubmed.ncbi.nlm.nih.gov/30804558/,/QRISdata/Q6913/Uno_Traits/Binary_Traits/ASD_01/SBayesRC/GCTB_v2.5.2/ASD_01_SBayesRC.snpRes,0.226985,2,Missing,,0.396569579,CDC,0.01,0.151170314,0.01,0.151170314,Binary,0.999989976,0.999989976,0.978200033,0.999989976,0.999938508,0.999952987,0.999951058,0.228628251,0.999989976
Asthma_01,Asthma,Asthma,Respiratory Disease,"Watanabe, Stringer, Frei (2019) Nat Genet",Binary,Uno_Traits/Binary_Traits/,20002_1111_logistic.EUR.sumstats.MACfilt.txt ,20002_1111_logistic.EUR.sumstats.MACfilt.txt.ma,SBayesRC,GCTB_v2.5.2,2/8/2024,7.3M,UKB European,387105,64538,329321,Yes,https://pubmed.ncbi.nlm.nih.gov/31427789/,/QRISdata/Q6913/Uno_Traits/Binary_Traits/Asthma_01/SBayesRC/GCTB_v2.5.2/Asthma_01_SBayesRC.snpRes,0.067652,92,Missing,,0.166719624,CDC,0.13,0.136308092,0.1,0.125412678,Binary,0.999992325,0.999992325,0.974889783,0.999992325,0.999891294,0.999890337,0.99988914,0.066955285,0.999992325
BIP_02,Bipolar Disorder,Bipolar Disorder,Mental Health Disorder,"Mullins et al., 2021",Binary,Uno_Traits/Binary_Traits/,pgc-bip2021-all.vcf.tsv,pgc-bip2021-all.vcf.tsv.ma,SBayesRC,GCTB_v2.5.2,2/8/2024,7.3M,European,413466,41917,371549,Yes,https://doi.org/10.1038/s41588-021-00857-4 ,/QRISdata/Q6913/Uno_Traits/Binary_Traits/BIP_02/SBayesRC/GCTB_v2.5.2/BIP_02_SBayesRC.snpRes,0.082851,58,Missing,,0.101379557,Psychiatric studies,0.015,0.130303272,0.02,0.140280353,Binary,0.999989325,0.999989325,0.980968574,0.999989325,0.999961168,0.999943735,0.999956349,0.083888482,0.999989325
BreastCancer_01,Breast cancer,Breast cancer,Cancer,"Michailidou et al., 2017",Binary,Uno_Traits/Binary_Traits/,oncoarray_bcac_public_release_oct17.txt,oncoarray_bcac_public_release_oct17.txt.ma,SBayesRC,GCTB_v2.5.2,2/8/2024,7.3M,EUR. EAS is available from the same publication too,228951,122977,105974,No,https://pubmed.ncbi.nlm.nih.gov/29059683/,/QRISdata/Q6913/Uno_Traits/Binary_Traits/BreastCancer_01/SBayesRC/GCTB_v2.5.2/BreastCancer_01_SBayesRC.snpRes,0.180684,185,,,0.5371324,Cancer.gov,0.125,0.202069023,0.12,0.199467568,Binary,0.999994686,0.999994686,0.976926952,0.999994686,0.999710865,0.999715545,0.999704134,0.184737558,0.999994686
CAD_01,Coronary artery disease,Coronary artery disease,Cardiac Disorder,"Aragam et al., 2022",Binary,Uno_Traits/Binary_Traits/,GCST90132314_buildGRCh37.tsv,GCST90132314_buildGRCh37.tsv.ma,SBayesRC,GCTB_v2.5.2,2/8/2024,7.3M,EUR,1165690,181522,984168,Yes,https://pubmed.ncbi.nlm.nih.gov/36474045/,/QRISdata/Q6913/Uno_Traits/Binary_Traits/CAD_01/SBayesRC/GCTB_v2.5.2/CAD_01_SBayesRC.snpRes,0.039731,243,,,0.155720646,Cardiovascular health reports,0.3,0.10649488,0.05,0.061922823,Binary,0.999995195,0.999995195,0.98333805,0.999995195,0.998667218,0.998666826,0.998665733,0.043510205,0.999995195
CD_01,Crohn's disease (a type of IBD),Crohn's disease,Autoimmune Disease,"de Lang et al., 2017",Binary,Uno_Traits/Binary_Traits/,cd_build37_40266_20161107.txt_splitted.tab,cd_build37_40266_20161107.txt_splitted.tab.ma,SBayesRC,GCTB_v2.5.2,2/8/2024,7.3M,EUR,40266,12194,28072,No,https://pubmed.ncbi.nlm.nih.gov/28067908/,/QRISdata/Q6913/Uno_Traits/Binary_Traits/CD_01/SBayesRC/GCTB_v2.5.2/CD_01_SBayesRC.snpRes,0.669517,112,Missing,,0.30283614,WHO estimates,0.003,0.332029574,0.002,0.307911158,Binary,0.999978962,0.999978962,0.981108639,0.999978962,0.999924317,0.999899513,0.999927621,0.655294728,0.999978962
CeliacDisease_01,Celiac disease,Celiac disease,Autoimmune Disease,"Jiang et al., 2021",Binary,Uno_Traits/Binary_Traits/,557.1_PheCode.v1.0.fastGWA.gz,Celiac_disease.ma,SBayesRC,GCTB_v2.5.2,2/8/2024,7.3M,EUR,456348,1036,455312,Yes,https://pubmed.ncbi.nlm.nih.gov/34737426/,/QRISdata/Q6913/Uno_Traits/Binary_Traits/CeliacDisease_01/SBayesRC/GCTB_v2.5.2/CeliacDisease_01_SBayesRC.snpRes,0.011461,8,,,0.002270197,National Institute of Health,0.01,0.69734237,0.01,0.697342464,Binary,0.99999637,0.99999637,0.896992244,0.99999637,0.999956451,0.99995584,0.999956543,0.011119822,0.99999637
CKD_01,Chronic kidney disease,Chronic kidney disease,Renal Disease,"Wuttke et al., 2019",Binary,Uno_Traits/Binary_Traits/,CKD_overall_EA_JW_20180223_nstud23.dbgap.txt.gz,CKD_overall_EA_JW_20180223_nstud23.dbgap.txt.ma,SBayesRC,GCTB_v2.5.2,2/8/2024,7.3M,European set,480698,41395,439303,Yes,https://pubmed.ncbi.nlm.nih.gov/31152163/ ,/QRISdata/Q6913/Uno_Traits/Binary_Traits/CKD_01/SBayesRC/GCTB_v2.5.2/CKD_01_SBayesRC.snpRes,0.056264,22,,,0.086114359,WHO estimates,0.11,0.117906391,0.1,0.114390775,Binary,0.999985296,0.999985296,0.973377456,0.999985296,0.999949871,0.999949521,0.999952176,0.05758796,0.999985296
COB_01,Obstructive chronic bronchitis,Obstructive chronic bronchitis,Respiratory Disease,"Jiang et al., 2021",Binary,Uno_Traits/Binary_Traits/,496.21_PheCode.v1.0.fastGWA.gz,COB.ma,SBayesRC,GCTB_v2.5.2,2/8/2024,7.3M,EUR,456348,2115,454233,Yes,https://pubmed.ncbi.nlm.nih.gov/34737426/,/QRISdata/Q6913/Uno_Traits/Binary_Traits/COB_01/SBayesRC/GCTB_v2.5.2/COB_01_SBayesRC.snpRes,0.004647,1,,,0.004634621,WHO,0.027,0.124837442,0.05,0.149065346,Binary,0.999994646,0.999994646,0.971279357,0.999994646,0.999936516,0.999944297,0.999941909,0.004678044,0.999994646
CoronaryAtherosclerosis_01,Coronary atherosclerosis,Coronary atherosclerosis,Cardiac Disorder,"Jiang et al., 2021",Binary,Uno_Traits/Binary_Traits/,411.4_PheCode.v1.0.fastGWA.gz,Coronary_atherosclerosis.ma,SBayesRC,GCTB_v2.5.2,2/8/2024,7.3M,EUR,456348,16041,440307,Yes,https://pubmed.ncbi.nlm.nih.gov/34737426/,/QRISdata/Q6913/Uno_Traits/Binary_Traits/CoronaryAtherosclerosis_01/SBayesRC/GCTB_v2.5.2/CoronaryAtherosclerosis_01_SBayesRC.snpRes,0.036649,42,,,0.035150806,Cardiovascular health,0.45,0.381924653,0.05,0.207185449,Binary,0.999982295,0.999982295,0.981068799,0.999982295,0.999941363,0.999940229,0.999940451,0.036775011,0.999982295
DivD_01,Diverticular Disease,Diverticular Disease,Gastrointestinal Disorder,"Wu et al., 2023",Binary,Uno_Traits/Binary_Traits/,DivD_EUR.r   ,DivD_EUR.r.ma,SBayesRC,GCTB_v2.5.2,2/8/2024,7.3M,EUR,724372,56355,668017,Yes,https://pubmed.ncbi.nlm.nih.gov/37492107/,/QRISdata/Q6913/Uno_Traits/Binary_Traits/DivD_01/SBayesRC/GCTB_v2.5.2/DivD_01_SBayesRC.snpRes,0.056819,150,,,0.077798424,"Wu et al., 2023",0.124,0.20711159,0.05,0.156013205,Binary,0.999989917,0.999989917,0.981409291,0.999989917,0.998241388,0.998233436,0.998249353,0.057181134,0.999989917
Glaucoma_01,Glaucoma,Glaucoma,Eye Disorder,"Gharahkhani et al., 2021",Binary,Uno_Traits/Binary_Traits/,POAG_Gharahkhani_2021_NC.ma,GCST90011766_buildGRCh37.tsv.ma,SBayesRC,GCTB_v2.5.2,2/8/2024,7.3M,EUR,216257,16677,199580,"yes, included 23555 samples from ukb",https://pubmed.ncbi.nlm.nih.gov/33627673/,/QRISdata/Q6913/Uno_Traits/Binary_Traits/Glaucoma_01/SBayesRC/GCTB_v2.5.2/Glaucoma_01_SBayesRC.snpRes,0.071445,66,Missing,,0.077116579,Ophthalmology studies,0.02,0.159088807,0.02,0.159088807,Binary,0.999993822,0.999993822,0.964112281,0.999993822,0.999962252,0.999963321,0.999962792,0.072182512,0.999993822
GORD_01,gastro-oesophageal reflux disease,Gastro-oesophageal reflux disease,Gastrointestinal Disorder,"Wu et al., 2021",Binary,Uno_Traits/Binary_Traits/,1_GORD.ma,1_GORD.ma,SBayesRC,GCTB_v2.5.2,2/8/2024,7.3M,UKB EUR,456414,54854,401473,yes,https://pubmed.ncbi.nlm.nih.gov/33608531/,/QRISdata/Q6913/Uno_Traits/Binary_Traits/GORD_01/SBayesRC/GCTB_v2.5.2/GORD_01_SBayesRC.snpRes,0.028749,5,,,0.120184745,"Wu et al., 2023",0.12,0.071844794,0.1,0.067801967,Binary,0.999988649,0.999988649,0.979091648,0.999988649,0.999952889,0.99995175,0.999941013,0.029016949,0.999988649
HairColor_01,"Hair colour (natural, before greying): Light brown",Brown hair,Biomarker,"Jiang et al., 2019",Binary,Uno_Traits/Binary_Traits/,1747_3.fastGWA.gz,Hair_color_light_brown.ma,SBayesRC,GCTB_v2.5.2,2/8/2024,7.3M,EUR,455164,185000,270164,Yes,https://www.nature.com/articles/s41588-019-0530-8,/QRISdata/Q6913/Uno_Traits/Binary_Traits/HairColor_01/SBayesRC/GCTB_v2.5.2/HairColor_01_SBayesRC.snpRes,0.076494,81,,,0.406446907,NA,NA,0.406446907,NA,0.406446907,Binary,0.999997245,0.999997147,0.950921582,0.999997245,0.99998511,0.999985545,0.999985122,0.099136517,0.999997245
HeartFailure_01,Heart Failure,Heart Failure,Cardiac Disorder,"Shah et al., 2020",Binary,Uno_Traits/Binary_Traits/,HERMES_Jan2019_HeartFailure_summary_data.txt,HERMES_Jan2019_HeartFailure_summary_data.txt.ma,SBayesRC,GCTB_v2.5.2,2/8/2024,7.3M,EUR,964057,47309,930014,yes,https://pubmed.ncbi.nlm.nih.gov/31919418/,/QRISdata/Q6913/Uno_Traits/Binary_Traits/HeartFailure_01/SBayesRC/GCTB_v2.5.2/HeartFailure_01_SBayesRC.snpRes,0.009023,12,,,0.049072825,Mayo Clinic,0.2,0.059263295,0.02,0.029733071,Binary,0.999986084,0.999986084,0.976119245,0.999986084,0.998202432,0.998254262,0.998199072,0.009101886,0.999986084
IBD_02,Inflammatory bowel disease ,Inflammatory bowel disease,Autoimmune Disease,"de Lang et al., 2017",Binary,Uno_Traits/Binary_Traits/,ibd_build37_59957_20161107.txt_splitted.tab,ibd_build37_59957_20161107.txt_splitted.tab.ma,SBayesRC,GCTB_v2.5.2,2/8/2024,7.3M,EUR,59957,25042,34915,No,https://pubmed.ncbi.nlm.nih.gov/28067908/,/QRISdata/Q6913/Uno_Traits/Binary_Traits/IBD_02/SBayesRC/GCTB_v2.5.2/IBD_02_SBayesRC.snpRes,0.525427,142,Missing,,0.417665994,"Wu et al., 2023",0.065,0.490425574,0.005,0.252688956,Binary,0.999988912,0.999988912,0.98156871,0.999988912,0.999855622,0.999853316,0.999852638,0.522995152,0.999988912
LungCancer_01,Lung cancer,Lung cancer,Cancer,"McKay, et al (2017) ",Binary,Uno_Traits/Binary_Traits/,GCST004748_buildGRCh37.tsv,GCST004748_buildGRCh37.tsv.ma,SBayesRC,GCTB_v2.5.2,2/8/2024,7.3M,EUR,85716,29266,56450,No ,https://pubmed.ncbi.nlm.nih.gov/28604730/,/QRISdata/Q6913/Uno_Traits/Binary_Traits/LungCancer_01/SBayesRC/GCTB_v2.5.2/LungCancer_01_SBayesRC.snpRes,0.129467,14,Missing,,0.341429838,National Cancer Institute,0.06,0.11899272,0.03,0.097092488,Binary,0.999992942,0.999992942,0.941682238,0.999992942,0.999929878,0.999943074,0.999947694,0.12856961,0.999992942
Melanoma_01,"Cancer code, self-reported: malignant melanoma",Malignant melanoma,Cancer,"Jiang et al., 2021",Binary,Uno_Traits/Binary_Traits/,20001_1059.v1.0.fastGWA.gz,Melanoma.ma,SBayesRC,GCTB_v2.5.2,2/8/2024,7.3M,EUR,456276,3564,452712,Yes,https://pubmed.ncbi.nlm.nih.gov/34737426/,/QRISdata/Q6913/Uno_Traits/Binary_Traits/Melanoma_01/SBayesRC/GCTB_v2.5.2/Melanoma_01_SBayesRC.snpRes,0.004924,6,,,0.007811062,Cancer.gov,0.025,0.095550908,0.01,0.075796205,Binary,0.999996948,0.999996948,0.977657197,0.999996948,0.999954761,0.999953139,0.999954272,0.005117473,0.999996948
Migraine_01,Migraine,Migraine,Neurological Disorder,"Hautakangas et al., 2022",Binary,Uno_Traits/Binary_Traits/,migraine_IHGC2021_no23andMe_gwama_v2.txt,migraine_IHGC2021_no23andMe_gwama_v2.txt.ma,SBayesRC,GCTB_v2.5.2,2/8/2024,7.3M,EUR,588413,48975,540381,Yes,https://doi.org/10.1038/s41588-021-00990-0,/QRISdata/Q6913/Uno_Traits/Binary_Traits/Migraine_01/SBayesRC/GCTB_v2.5.2/Migraine_01_SBayesRC.snpRes,0.036625,38,,,0.083232356,WHO,0.12,0.123977723,0.15,0.133035777,Binary,0.999991815,0.999991815,0.981942533,0.999991815,0.999923859,0.999908243,0.999904577,0.037106267,0.999991815
PBC_01,Primary biliary cirrhosis,Primary biliary cirrhosis,Autoimmune Disease,"Cordell et al., 2015",Binary,Uno_Traits/Binary_Traits/,26394269-GCST003129-EFO_1001486-Build37.f.tsv,26394269-GCST003129-EFO_1001486-Build37.f.tsv.ma,SBayesRC,GCTB_v2.5.2,2/8/2024,Hapmap3,EUR,13239,2764,10475,No,https://www.nature.com/articles/ncomms9019,/QRISdata/Q6913/Uno_Traits/Binary_Traits/PBC_01/SBayesRC/GCTB_v2.5.2/PBC_01_SBayesRC.snpRes,0.447905,28,Missing,,0.208777098,WHO,3.00E-04,0.240966934,1.00E-04,0.209126939,Binary,0.999992646,0.999992646,0.993878969,0.999992646,0.999977538,0.999978393,0.999977143,0.443790174,0.999992646
SCZ_02,Schizophrenia,Schizophrenia,Mental Health Disorder,"Trubetskoy et al., 2022",Binary,Uno_Traits/Binary_Traits/,PGC3_SCZ_wave3.european.autosome.public.v3.vcf.tsv,PGC3_SCZ_wave3.european.autosome.public.v3.vcf.tsv.ma,SBayesRC,GCTB_v2.5.2,2/8/2024,7.3M,EUR,130644,53386,77258,No ,https://www.ncbi.nlm.nih.gov/pmc/articles/PMC9392466/,/QRISdata/Q6913/Uno_Traits/Binary_Traits/SCZ_02/SBayesRC/GCTB_v2.5.2/SCZ_02_SBayesRC.snpRes,0.473864,185,Missing,,0.408637213,WHO,0.01,0.258320726,0.01,0.258320726,Binary,0.999991753,0.999991753,0.980853406,0.999991753,0.999962304,0.999955325,0.999962293,0.479475703,0.999991753
SLE_01,Systemic lupus erythematosus,Systemic lupus erythematosus,Autoimmune Disease,"Bentham J  et al., 2015",Binary,Uno_Traits/Binary_Traits/,bentham_2015_26502338_sle_efo0002690_1_gwas.sumstats.tsv,bentham_2015_26502338_sle_efo0002690_1_gwas.sumstats.tsv.ma,SBayesRC,GCTB_v2.5.2,2/8/2024,7.3M,EUR,23210,7219,15991,No ,https://pubmed.ncbi.nlm.nih.gov/26502338/,/QRISdata/Q6913/Uno_Traits/Binary_Traits/SLE_01/SBayesRC/GCTB_v2.5.2/SLE_01_SBayesRC.snpRes,0.710943,68,Missing,,0.311029729,WHO,0.002,0.320747711,0.001,0.28488461,Binary,0.999990623,0.999990623,0.974180931,0.999990623,0.999943334,0.999941658,0.999942826,0.700077675,0.999990623
T2D_06,Type 2 Diabetes,Type 2 Diabetes,Endocrine Disorder,"Suzuki et al., 2024",Binary,Uno_Traits/Binary_Traits/,EUR_Metal_LDSC-CORR_Neff.v2.txt,EUR_Metal_LDSC-CORR_Neff.v2.txt.ma,SBayesRC,GCTB_v2.5.2,2/8/2024,7.3M,EUR,1812017,242283,1569734,Yes,https://www.nature.com/articles/s41586-024-07019-6,/QRISdata/Q6913/Uno_Traits/Binary_Traits/T2D_06/SBayesRC/GCTB_v2.5.2/T2D_06_SBayesRC.snpRes,0.080822,840,,,0.13370901,WHO,0.4,0.264824144,0.08,0.168194247,Binary,0.999991973,0.999991973,0.980375476,0.999991973,0.998786036,0.998782313,0.998776271,0.0833493,0.999991973
UC_01,Ulcerative colitis (UC),Ulcerative colitis,inflammatory bowel disease ,"de Lang et al., 2017",Binary,Uno_Traits/Binary_Traits/,uc_build37_45975_20161107.txt,uc_build37_45975_20161107.txt.ma,SBayesRC,GCTB_v2.5.2,2/8/2024,7.3M,EUR,45975,12366,33609,No,https://pubmed.ncbi.nlm.nih.gov/28067908/,/QRISdata/Q6913/Uno_Traits/Binary_Traits/UC_01/SBayesRC/GCTB_v2.5.2/UC_01_SBayesRC.snpRes,0.440527,70,Missing,,0.268972268,CDC,0.01,0.305844117,0.0025,0.228863415,Binary,0.999987634,0.999987634,0.98128163,0.999987634,0.999948406,0.999950209,0.999952087,0.452847115,0.999987634
IPF_01,Idiopathic pulmonary fibrosis (IPF) ,IPF,Respiratory Disease,"Allen et al., 2021",Binary,Restricted/Binary_Traits/,meta_gwas_5way_summary_stats.txt,meta_gwas_5way_summary_stats.txt.ma,SBayesRC,GCTB_v2.5.2,2/8/2024,7.3M,EUR,24589,4125,20464,Yes,https://thorax.bmj.com/content/77/8/829,/QRISdata/Q6913/Restricted/Binary_Traits/IPF_01/SBayesRC/GCTB_v2.5.2/IPF_01_SBayesRC.snpRes,0.341609,23,Missing,,0.167757941,WHO,0.005,0.253060796,3.00E-04,0.157167817,Binary,0.999995029,0.999995029,0.982004884,0.999995029,0.999963381,0.999967323,0.999947405,0.329740394,0.999995029
MDD_04,Major Depressive Disorder,Major Depressive,Mental Health Disorder,unpublished data,Binary,Restricted/Binary_Traits/,MDD_2022_unpublish.ma,MDD_2022_unpublish.ma,SBayesRC,GCTB_v2.5.2,2/8/2024,7.3M,EUR,3616816,528989,3087827,YES,not published,/QRISdata/Q7672/Restricted/Binary_Traits/MDD_04/SBayesRC/GCTB_v2.5.2/MDD_04_SBayesRC.snpRes,0.031952,604,,,0.146258201,Psychiatric studies,0.15,0.075486688,0.05,0.053545529,Binary,0.999991825,0.999991825,0.981949754,0.999991825,0.999964296,0.99995581,0.999966763,0.032530038,0.999991825
UKB_PPP_2022_CXCL8,measurement of IL-8 in plasma,IL-8,Biomarker,"Sun et al., 2023",Quantitative,Lot_Traits/UKB_PPP_2022/,Raw_GWAS/CXCL8_P10145_OID21430_v1_Oncology,Cojo_files/CXCL8_P10145_OID21430_v1_Oncology.ma,SBayesRC,GCTB_v2.5.2,2/8/2024,7.3M,EUR,33451,NA,NA,Yes,https://www.nature.com/articles/s41586-023-06592-6,/QRISdata/Q6913/Lot_Traits/UKB_PPP_2022/SBayesRC/GCTB_v2.5.2/CXCL8_P10145_OID21430_v1_Oncology_SBayesRC.snpRes,0.211828,21,,,NA,NA,NA,0.211828,NA,0.211828,Protein and Fatty Acid,0.999992063,0.999992063,0.979533106,0.999992063,0.999963519,0.999907293,0.999949584,0.21840624,0.999992063
UKB_PPP_2022_ICAM1,measurement of sICAM-1 in plasma,sICAM-1,Biomarker,"Sun et al., 2023",Quantitative,Lot_Traits/UKB_PPP_2022/,Raw_GWAS/ICAM1_P05362_OID20411_v1_Cardiometabolic,Cojo_files/ICAM1_P05362_OID20411_v1_Cardiometabolic.ma,SBayesRC,GCTB_v2.5.2,2/8/2024,7.3M,EUR,33474,NA,NA,Yes,https://www.nature.com/articles/s41586-023-06592-6,/QRISdata/Q6913/Lot_Traits/UKB_PPP_2022/SBayesRC/GCTB_v2.5.2/ICAM1_P05362_OID20411_v1_Cardiometabolic_SBayesRC.snpRes,0.428457,27,,,NA,NA,NA,0.428457,NA,0.428457,Protein and Fatty Acid,0.999981982,0.999981982,0.983181509,0.999981982,0.93141126,0.931407116,0.931409985,0.383089133,0.999981982
UKB_PPP_2022_IFNG,measurement of IFN-y in plasma,IFN-y,Biomarker,"Sun et al., 2023",Quantitative,Lot_Traits/UKB_PPP_2022/,Raw_GWAS/IFNG_P01579_OID20495_v1_Inflammation,Cojo_files/IFNG_P01579_OID20495_v1_Inflammation.ma,SBayesRC,GCTB_v2.5.2,2/8/2024,7.3M,EUR,33084,NA,NA,Yes,https://www.nature.com/articles/s41586-023-06592-6,/QRISdata/Q6913/Lot_Traits/UKB_PPP_2022/SBayesRC/GCTB_v2.5.2/IFNG_P01579_OID20495_v1_Inflammation_SBayesRC.snpRes,0.106923,5,,,NA,NA,NA,0.106923,NA,0.106923,Protein and Fatty Acid,0.999972487,0.999972487,0.97201056,0.999972487,0.999903312,0.999900659,0.999899636,0.107600089,0.999972487
UKB_PPP_2022_IL10,measurement of IL-10 in plasma,IL-10,Biomarker,"Sun et al., 2023",Quantitative,Lot_Traits/UKB_PPP_2022/,Raw_GWAS/IL10_P22301_OID20431_v1_Inflammation,Cojo_files/IL10_P22301_OID20431_v1_Inflammation.ma,SBayesRC,GCTB_v2.5.2,2/8/2024,7.3M,EUR,33084,NA,NA,Yes,https://www.nature.com/articles/s41586-023-06592-6,/QRISdata/Q6913/Lot_Traits/UKB_PPP_2022/SBayesRC/GCTB_v2.5.2/IL10_P22301_OID20431_v1_Inflammation_SBayesRC.snpRes,0.157899,14,,,NA,NA,NA,0.157899,NA,0.157899,Protein and Fatty Acid,0.999992965,0.999992965,0.974852621,0.999992965,0.999939192,0.99993832,0.999940216,0.158976103,0.999992965
UKB_PPP_2022_IL12B,measurement of IL-12p40 in plasma,IL-12p40,Biomarker,"Sun et al., 2023",Quantitative,Lot_Traits/UKB_PPP_2022/,Raw_GWAS/IL12B_P29460_OID20666_v1_Inflammation,Cojo_files/IL12B_P29460_OID20666_v1_Inflammation.ma,SBayesRC,GCTB_v2.5.2,2/8/2024,7.3M,EUR,34049,NA,NA,Yes,https://www.nature.com/articles/s41586-023-06592-6,/QRISdata/Q6913/Lot_Traits/UKB_PPP_2022/SBayesRC/GCTB_v2.5.2/IL12B_P29460_OID20666_v1_Inflammation_SBayesRC.snpRes,0.651949,54,,,NA,NA,NA,0.651949,NA,0.651949,Protein and Fatty Acid,0.999994256,0.999994256,0.982901264,0.999994256,0.999972622,0.999973777,0.999975284,0.679857222,0.999994256
UKB_PPP_2022_IL15,measurement of IL-15 in plasma,IL-15,Biomarker,"Sun et al., 2023",Quantitative,Lot_Traits/UKB_PPP_2022/,Raw_GWAS/IL15_P40933_OID20562_v1_Inflammation,Cojo_files/IL15_P40933_OID20562_v1_Inflammation.ma,SBayesRC,GCTB_v2.5.2,2/8/2024,7.3M,EUR,33657,NA,NA,Yes,https://www.nature.com/articles/s41586-023-06592-6,/QRISdata/Q6913/Lot_Traits/UKB_PPP_2022/SBayesRC/GCTB_v2.5.2/IL15_P40933_OID20562_v1_Inflammation_SBayesRC.snpRes,0.317846,43,,,NA,NA,NA,0.317846,NA,0.317846,Protein and Fatty Acid,0.999995422,0.999995422,0.969232252,0.999995422,0.999481887,0.999483277,0.999475072,0.315074739,0.999995422
UKB_PPP_2022_IL1B,measurement of IL-1B in plasma,IL-1B,Biomarker,"Sun et al., 2023",Quantitative,Lot_Traits/UKB_PPP_2022/,Raw_GWAS/IL1B_P01584_OID20427_v1_Inflammation,Cojo_files/IL1B_P01584_OID20427_v1_Inflammation.ma,SBayesRC,GCTB_v2.5.2,2/8/2024,7.3M,EUR,32892,NA,NA,Yes,https://www.nature.com/articles/s41586-023-06592-6,/QRISdata/Q6913/Lot_Traits/UKB_PPP_2022/SBayesRC/GCTB_v2.5.2/IL1B_P01584_OID20427_v1_Inflammation_SBayesRC.snpRes,0.128226,3,,,NA,NA,NA,0.128226,NA,0.128226,Protein and Fatty Acid,0.999995218,0.999995218,0.977890793,0.999995218,0.999956574,0.999956322,0.999951803,0.120736747,0.999995218
UKB_PPP_2022_IL6,measurement of IL-6 in plasma,IL-6,Biomarker,"Sun et al., 2023",Quantitative,Lot_Traits/UKB_PPP_2022/,Raw_GWAS/IL6_P05231_OID21276_v1_Oncology,Cojo_files/IL6_P05231_OID21276_v1_Oncology.ma,SBayesRC,GCTB_v2.5.2,2/8/2024,7.3M,EUR,33533,NA,NA,Yes,https://www.nature.com/articles/s41586-023-06592-6,/QRISdata/Q6913/Lot_Traits/UKB_PPP_2022/SBayesRC/GCTB_v2.5.2/IL6_P05231_OID21276_v1_Oncology_SBayesRC.snpRes,0.194531,5,,,NA,NA,NA,0.194531,NA,0.194531,Protein and Fatty Acid,0.999995836,0.999995836,0.977884439,0.999995836,0.999950552,0.999954438,0.999957558,0.193157749,0.999995836
UKB_PPP_2022_TNF,measurement of TNF-_ in plasma,TNF-alpha,Biomarker,"Sun et al., 2023",Quantitative,Lot_Traits/UKB_PPP_2022/,Raw_GWAS/TNF_P01375_OID20074_v1_Cardiometabolic,Cojo_files/TNF_P01375_OID20074_v1_Cardiometabolic.ma,SBayesRC,GCTB_v2.5.2,2/8/2024,7.3M,EUR,33043,NA,NA,Yes,https://www.nature.com/articles/s41586-023-06592-6,/QRISdata/Q6913/Lot_Traits/UKB_PPP_2022/SBayesRC/GCTB_v2.5.2/TNF_P01375_OID20074_v1_Cardiometabolic_SBayesRC.snpRes,0.158391,8,,,NA,NA,NA,0.158391,NA,0.158391,Protein and Fatty Acid,0.999989592,0.999989592,0.968080353,0.999989592,0.999895871,0.999893137,0.999898141,0.164201315,0.999989592
UKB_PPP_2022_VCAM1,measurement of VCAM1 in plasma,VCAM1,Biomarker,"Sun et al., 2023",Quantitative,Lot_Traits/UKB_PPP_2022/,Raw_GWAS/VCAM1_P19320_OID20396_v1_Cardiometabolic,Cojo_files/VCAM1_P19320_OID20396_v1_Cardiometabolic.ma,SBayesRC,GCTB_v2.5.2,2/8/2024,7.3M,EUR,33742,NA,NA,Yes,https://www.nature.com/articles/s41586-023-06592-6,/QRISdata/Q6913/Lot_Traits/UKB_PPP_2022/SBayesRC/GCTB_v2.5.2/VCAM1_P19320_OID20396_v1_Cardiometabolic_SBayesRC.snpRes,0.391992,30,,,NA,NA,NA,0.391992,NA,0.391992,Protein and Fatty Acid,0.999983554,0.999983554,0.970687338,0.999983554,0.999893772,0.999893614,0.999887049,0.395631949,0.999983554
UKB_FA_2022_met.d.DHA,concentration of met-d-DHA,DHA,Biomarker,"Borges et al., 2022",Quantitative,Lot_Traits/UKB_Fatty_Acids/,Raw_GWAS/met-d-DHA.vcf.gz,Cojo_files/met-d-DHA.ma,SBayesRC,GCTB_v2.5.2,2/8/2024,7.3M,EUR,114999,NA,NA,Yes,https://bmcmedicine.biomedcentral.com/articles/10.1186/s12916-022-02399-w,/QRISdata/Q6913/Lot_Traits/UKB_Fatty_Acids/SBayesRC/GCTB_v2.5.2/met-d-DHA_SBayesRC.snpRes,0.200795,52,,,NA,NA,NA,0.200795,NA,0.200795,Protein and Fatty Acid,0.999992336,0.999992336,0.976339479,0.999992336,0.999881236,0.999919502,0.999922041,0.176403185,0.999992336
UKB_FA_2022_met.d.DHA_pct,concentration of met-d-DHA_pct,DHA_pct,Biomarker,"Borges et al., 2022",Quantitative,Lot_Traits/UKB_Fatty_Acids/,Raw_GWAS/met-d-DHA_pct.vcf.gz,Cojo_files/met-d-DHA_pct.ma,SBayesRC,GCTB_v2.5.2,2/8/2024,7.3M,EUR,114999,NA,NA,Yes,https://bmcmedicine.biomedcentral.com/articles/10.1186/s12916-022-02399-w,/QRISdata/Q6913/Lot_Traits/UKB_Fatty_Acids/SBayesRC/GCTB_v2.5.2/met-d-DHA_pct_SBayesRC.snpRes,0.185545,32,,,NA,NA,NA,0.185545,NA,0.185545,Protein and Fatty Acid,0.999946625,0.999946625,0.972361831,0.999946625,0.999906848,0.999903465,0.999903077,0.164569005,0.999946625
UKB_FA_2022_met.d.LA,concentration of met-d-LA,LA,Biomarker,"Borges et al., 2022",Quantitative,Lot_Traits/UKB_Fatty_Acids/,Raw_GWAS/met-d-LA.vcf.gz,Cojo_files/met-d-LA.ma,SBayesRC,GCTB_v2.5.2,2/8/2024,7.3M,EUR,114999,NA,NA,Yes,https://bmcmedicine.biomedcentral.com/articles/10.1186/s12916-022-02399-w,/QRISdata/Q6913/Lot_Traits/UKB_Fatty_Acids/SBayesRC/GCTB_v2.5.2/met-d-LA_SBayesRC.snpRes,0.174017,79,,,NA,NA,NA,0.174017,NA,0.174017,Protein and Fatty Acid,0.999927229,0.999927229,0.976015993,0.999927229,0.996896792,0.996897785,0.996898024,0.173738939,0.999927229
UKB_FA_2022_met.d.LA_pct,concentration of met-d-LA_pct,LA_pct,Biomarker,"Borges et al., 2022",Quantitative,Lot_Traits/UKB_Fatty_Acids/,Raw_GWAS/met-d-LA_pct.vcf.gz,Cojo_files/met-d-LA_pct.ma,SBayesRC,GCTB_v2.5.2,2/8/2024,7.3M,EUR,114999,NA,NA,Yes,https://bmcmedicine.biomedcentral.com/articles/10.1186/s12916-022-02399-w,/QRISdata/Q6913/Lot_Traits/UKB_Fatty_Acids/SBayesRC/GCTB_v2.5.2/met-d-LA_pct_SBayesRC.snpRes,0.181165,50,,,NA,NA,NA,0.181165,NA,0.181165,Protein and Fatty Acid,0.999987296,0.999987296,0.979678434,0.999987296,0.998967607,0.998967607,0.998964856,0.177391158,0.999987296
UKB_FA_2022_met.d.MUFA,concentration of met-d-MUFA,MUFA,Biomarker,"Borges et al., 2022",Quantitative,Lot_Traits/UKB_Fatty_Acids/,Raw_GWAS/met-d-MUFA.vcf.gz,Cojo_files/met-d-MUFA.ma,SBayesRC,GCTB_v2.5.2,2/8/2024,7.3M,EUR,114999,NA,NA,Yes,https://bmcmedicine.biomedcentral.com/articles/10.1186/s12916-022-02399-w,/QRISdata/Q6913/Lot_Traits/UKB_Fatty_Acids/SBayesRC/GCTB_v2.5.2/met-d-MUFA_SBayesRC.snpRes,0.221447,91,,,NA,NA,NA,0.221447,NA,0.221447,Protein and Fatty Acid,0.999989887,0.999989887,0.978612035,0.999989887,0.999944707,0.99995546,0.9999443,0.222063889,0.999989887
UKB_FA_2022_met.d.MUFA_pct,concentration of met-d-MUFA_pct,MUFA_pct,Biomarker,"Borges et al., 2022",Quantitative,Lot_Traits/UKB_Fatty_Acids/,Raw_GWAS/met-d-MUFA_pct.vcf.gz,Cojo_files/met-d-MUFA_pct.ma,SBayesRC,GCTB_v2.5.2,2/8/2024,7.3M,EUR,114999,NA,NA,Yes,https://bmcmedicine.biomedcentral.com/articles/10.1186/s12916-022-02399-w,/QRISdata/Q6913/Lot_Traits/UKB_Fatty_Acids/SBayesRC/GCTB_v2.5.2/met-d-MUFA_pct_SBayesRC.snpRes,0.273276,80,,,NA,NA,NA,0.273276,NA,0.273276,Protein and Fatty Acid,0.999983703,0.999983703,0.983509308,0.999983703,0.999942436,0.999943394,0.999940769,0.267060933,0.999983703
UKB_FA_2022_met.d.Omega_3,concentration of met-d-Omega_3,Omega_3,Biomarker,"Borges et al., 2022",Quantitative,Lot_Traits/UKB_Fatty_Acids/,Raw_GWAS/met-d-Omega_3.vcf.gz,Cojo_files/met-d-Omega_3.ma,SBayesRC,GCTB_v2.5.2,2/8/2024,7.3M,EUR,114999,NA,NA,Yes,https://bmcmedicine.biomedcentral.com/articles/10.1186/s12916-022-02399-w,/QRISdata/Q6913/Lot_Traits/UKB_Fatty_Acids/SBayesRC/GCTB_v2.5.2/met-d-Omega_3_SBayesRC.snpRes,0.231519,59,,,NA,NA,NA,0.231519,NA,0.231519,Protein and Fatty Acid,0.999993741,0.999993741,0.977421383,0.999993741,0.999931589,0.999960677,0.999956727,0.202520066,0.999993741
UKB_FA_2022_met.d.Omega_3_pct,concentration of met-d-Omega_3_pct,Omega_3_pct,Biomarker,"Borges et al., 2022",Quantitative,Lot_Traits/UKB_Fatty_Acids/,Raw_GWAS/met-d-Omega_3_pct.vcf.gz,Cojo_files/met-d-Omega_3_pct.ma,SBayesRC,GCTB_v2.5.2,2/8/2024,7.3M,EUR,114999,NA,NA,Yes,https://bmcmedicine.biomedcentral.com/articles/10.1186/s12916-022-02399-w,/QRISdata/Q6913/Lot_Traits/UKB_Fatty_Acids/SBayesRC/GCTB_v2.5.2/met-d-Omega_3_pct_SBayesRC.snpRes,0.206356,38,,,NA,NA,NA,0.206356,NA,0.206356,Protein and Fatty Acid,0.99648093,0.99648093,0.983605147,0.99648093,0.996448463,0.99644861,0.996452769,0.166459298,0.99648093
UKB_FA_2022_met.d.Omega_6,concentration of met-d-Omega_6,Omega_6,Biomarker,"Borges et al., 2022",Quantitative,Lot_Traits/UKB_Fatty_Acids/,Raw_GWAS/met-d-Omega_6.vcf.gz,Cojo_files/met-d-Omega_6.ma,SBayesRC,GCTB_v2.5.2,2/8/2024,7.3M,EUR,114999,NA,NA,Yes,https://bmcmedicine.biomedcentral.com/articles/10.1186/s12916-022-02399-w,/QRISdata/Q6913/Lot_Traits/UKB_Fatty_Acids/SBayesRC/GCTB_v2.5.2/met-d-Omega_6_SBayesRC.snpRes,0.181488,38,,,NA,NA,NA,0.181488,NA,0.181488,Protein and Fatty Acid,0.999979366,0.999979366,0.980540514,0.999979366,0.997127167,0.997136148,0.997120687,0.182110179,0.999979366
UKB_FA_2022_met.d.Omega_6_by_Omega_3,concentration of met-d-Omega_6_by_Omega_3,Omega_6_by_Omega_3,Biomarker,"Borges et al., 2022",Quantitative,Lot_Traits/UKB_Fatty_Acids/,Raw_GWAS/met-d-Omega_6_by_Omega_3.vcf.gz,Cojo_files/met-d-Omega_6_by_Omega_3.ma,SBayesRC,GCTB_v2.5.2,2/8/2024,7.3M,EUR,114999,NA,NA,Yes,https://bmcmedicine.biomedcentral.com/articles/10.1186/s12916-022-02399-w,/QRISdata/Q6913/Lot_Traits/UKB_Fatty_Acids/SBayesRC/GCTB_v2.5.2/met-d-Omega_6_by_Omega_3_SBayesRC.snpRes,0.205873,86,,,NA,NA,NA,0.205873,NA,0.205873,Protein and Fatty Acid,0.996027307,0.996027307,0.982349495,0.996027307,0.995984469,0.995997301,0.995998563,0.169826161,0.996027307
UKB_FA_2022_met.d.Omega_6_pct,concentration of met-d-Omega_6_pct,Omega_6_pct,Biomarker,"Borges et al., 2022",Quantitative,Lot_Traits/UKB_Fatty_Acids/,Raw_GWAS/met-d-Omega_6_pct.vcf.gz,Cojo_files/met-d-Omega_6_pct.ma,SBayesRC,GCTB_v2.5.2,2/8/2024,7.3M,EUR,114999,NA,NA,Yes,https://bmcmedicine.biomedcentral.com/articles/10.1186/s12916-022-02399-w,/QRISdata/Q6913/Lot_Traits/UKB_Fatty_Acids/SBayesRC/GCTB_v2.5.2/met-d-Omega_6_pct_SBayesRC.snpRes,0.203509,67,,,NA,NA,NA,0.203509,NA,0.203509,Protein and Fatty Acid,0.999985492,0.999985492,0.978609832,0.999985492,0.999928016,0.999931027,0.999927187,0.207010041,0.999985492
UKB_FA_2022_met.d.PUFA,concentration of met-d-PUFA,PUFA,Biomarker,"Borges et al., 2022",Quantitative,Lot_Traits/UKB_Fatty_Acids/,Raw_GWAS/met-d-PUFA.vcf.gz,Cojo_files/met-d-PUFA.ma,SBayesRC,GCTB_v2.5.2,2/8/2024,7.3M,EUR,114999,NA,NA,Yes,https://bmcmedicine.biomedcentral.com/articles/10.1186/s12916-022-02399-w,/QRISdata/Q6913/Lot_Traits/UKB_Fatty_Acids/SBayesRC/GCTB_v2.5.2/met-d-PUFA_SBayesRC.snpRes,0.206144,68,,,NA,NA,NA,0.206144,NA,0.206144,Protein and Fatty Acid,0.999952482,0.999952482,0.98066057,0.999952482,0.998076606,0.998094279,0.998088621,0.205708506,0.999952482
UKB_FA_2022_met.d.PUFA_by_MUFA,concentration of met-d-PUFA_by_MUFA,PUFA_by_MUFA,Biomarker,"Borges et al., 2022",Quantitative,Lot_Traits/UKB_Fatty_Acids/,Raw_GWAS/met-d-PUFA_by_MUFA.vcf.gz,Cojo_files/met-d-PUFA_by_MUFA.ma,SBayesRC,GCTB_v2.5.2,2/8/2024,7.3M,EUR,114999,NA,NA,Yes,https://bmcmedicine.biomedcentral.com/articles/10.1186/s12916-022-02399-w,/QRISdata/Q6913/Lot_Traits/UKB_Fatty_Acids/SBayesRC/GCTB_v2.5.2/met-d-PUFA_by_MUFA_SBayesRC.snpRes,0.255961,88,,,NA,NA,NA,0.255961,NA,0.255961,Protein and Fatty Acid,0.999991008,0.999991008,0.982129307,0.999991008,0.999945498,0.999947129,0.99994773,0.252778882,0.999991008
UKB_FA_2022_met.d.PUFA_pct,concentration of met-d-PUFA_pct,PUFA_pct,Biomarker,"Borges et al., 2022",Quantitative,Lot_Traits/UKB_Fatty_Acids/,Raw_GWAS/met-d-PUFA_pct.vcf.gz,Cojo_files/met-d-PUFA_pct.ma,SBayesRC,GCTB_v2.5.2,2/8/2024,7.3M,EUR,114999,NA,NA,Yes,https://bmcmedicine.biomedcentral.com/articles/10.1186/s12916-022-02399-w,/QRISdata/Q6913/Lot_Traits/UKB_Fatty_Acids/SBayesRC/GCTB_v2.5.2/met-d-PUFA_pct_SBayesRC.snpRes,0.202683,59,,,NA,NA,NA,0.202683,NA,0.202683,Protein and Fatty Acid,0.999992358,0.999992358,0.981447717,0.999992358,0.999940898,0.99994254,0.999934998,0.205905529,0.999992358
UKB_FA_2022_met.d.SFA,concentration of met-d-SFA,SFA,Biomarker,"Borges et al., 2022",Quantitative,Lot_Traits/UKB_Fatty_Acids/,Raw_GWAS/met-d-SFA.vcf.gz,Cojo_files/met-d-SFA.ma,SBayesRC,GCTB_v2.5.2,2/8/2024,7.3M,EUR,114999,NA,NA,Yes,https://bmcmedicine.biomedcentral.com/articles/10.1186/s12916-022-02399-w,/QRISdata/Q6913/Lot_Traits/UKB_Fatty_Acids/SBayesRC/GCTB_v2.5.2/met-d-SFA_SBayesRC.snpRes,0.182789,71,,,NA,NA,NA,0.182789,NA,0.182789,Protein and Fatty Acid,0.999978589,0.999978589,0.972555037,0.999978589,0.999904909,0.999916795,0.999913546,0.186566765,0.999978589
UKB_FA_2022_met.d.SFA_pct,concentration of met-d-SFA_pct,SFA_pct,Biomarker,"Borges et al., 2022",Quantitative,Lot_Traits/UKB_Fatty_Acids/,Raw_GWAS/met-d-SFA_pct.vcf.gz,Cojo_files/met-d-SFA_pct.ma,SBayesRC,GCTB_v2.5.2,2/8/2024,7.3M,EUR,114999,NA,NA,Yes,https://bmcmedicine.biomedcentral.com/articles/10.1186/s12916-022-02399-w,/QRISdata/Q6913/Lot_Traits/UKB_Fatty_Acids/SBayesRC/GCTB_v2.5.2/met-d-SFA_pct_SBayesRC.snpRes,0.097164,25,,,NA,NA,NA,0.097164,NA,0.097164,Protein and Fatty Acid,0.99997789,0.99997789,0.977790745,0.99997789,0.999935932,0.999935388,0.999940808,0.098141427,0.99997789
UKB_35BM_2021_Alanine_aminotransferase,Alanine aminotransferase,Alanine aminotransferase,Biomarker,"Sinnott-Armstrong et al., 2021",Quantitative,Lot_Traits/UKB_35BM_2021/,Raw_GWAS/Alanine_aminotransferase.imp,Cojo_files/Alanine_aminotransferase.imp.ma,SBayesRC,GCTB_v2.5.2,2/8/2024,7.3M,EUR,363054,NA,NA,Yes,https://www.nature.com/articles/s41588-020-00757-z,/QRISdata/Q6913/Lot_Traits/UKB_35BM_2021/SBayesRC/GCTB_v2.5.2/Alanine_aminotransferase.imp_SBayesRC.snpRes,0.178421,301,Missing,,NA,NA,NA,0.178421,NA,0.178421,Biomarker,0.999986383,0.999986383,0.978039559,0.999986383,0.998821717,0.998822635,0.998818099,0.180629287,0.999986383
UKB_35BM_2021_Albumin,Albumin,Albumin,Biomarker,"Sinnott-Armstrong et al., 2021",Quantitative,Lot_Traits/UKB_35BM_2021/,Raw_GWAS/Albumin.imp,Cojo_files/Albumin.imp.ma,SBayesRC,GCTB_v2.5.2,2/8/2024,7.3M,EUR,331979,NA,NA,Yes,https://www.nature.com/articles/s41588-020-00757-z,/QRISdata/Q6913/Lot_Traits/UKB_35BM_2021/SBayesRC/GCTB_v2.5.2/Albumin.imp_SBayesRC.snpRes,0.210208,306,Missing,,NA,NA,NA,0.210208,NA,0.210208,Biomarker,0.999991391,0.999991391,0.976731224,0.999991391,0.999944234,0.999945967,0.99994212,0.214831903,0.999991391
UKB_35BM_2021_Alkaline_phosphatase,Alkaline phosphatase,Alkaline phosphatase,Biomarker,"Sinnott-Armstrong et al., 2021",Quantitative,Lot_Traits/UKB_35BM_2021/,Raw_GWAS/Alkaline_phosphatase.imp,Cojo_files/Alkaline_phosphatase.imp.ma,SBayesRC,GCTB_v2.5.2,2/8/2024,7.3M,EUR,363228,NA,NA,Yes,https://www.nature.com/articles/s41588-020-00757-z,/QRISdata/Q6913/Lot_Traits/UKB_35BM_2021/SBayesRC/GCTB_v2.5.2/Alkaline_phosphatase.imp_SBayesRC.snpRes,0.379087,533,Missing,,NA,NA,NA,0.379087,NA,0.379087,Biomarker,0.99903496,0.99903496,0.977888659,0.99903496,0.924066307,0.924068714,0.924060748,0.383111518,0.99903496
UKB_35BM_2021_Apolipoprotein_A,Apolipoprotein A,Apolipoprotein A,Biomarker,"Sinnott-Armstrong et al., 2021",Quantitative,Lot_Traits/UKB_35BM_2021/,Raw_GWAS/Apolipoprotein_A.imp,Cojo_files/Apolipoprotein_A.imp.ma,SBayesRC,GCTB_v2.5.2,2/8/2024,7.3M,EUR,330515,NA,NA,Yes,https://www.nature.com/articles/s41588-020-00757-z,/QRISdata/Q6913/Lot_Traits/UKB_35BM_2021/SBayesRC/GCTB_v2.5.2/Apolipoprotein_A.imp_SBayesRC.snpRes,0.322962,353,Missing,,NA,NA,NA,0.322962,NA,0.322962,Biomarker,0.999994959,0.999994959,0.985533486,0.999994959,0.998991911,0.998990416,0.998990096,0.306277256,0.999994959
UKB_35BM_2021_Apolipoprotein_B_adjstatins,Apolipoprotein B,Apolipoprotein B,Biomarker,"Sinnott-Armstrong et al., 2021",Quantitative,Lot_Traits/UKB_35BM_2021/,Raw_GWAS/Apolipoprotein_B_adjstatins.imp,Cojo_files/Apolipoprotein_B_adjstatins.imp.ma,SBayesRC,GCTB_v2.5.2,2/8/2024,7.3M,EUR,361372,NA,NA,Yes,https://www.nature.com/articles/s41588-020-00757-z,/QRISdata/Q6913/Lot_Traits/UKB_35BM_2021/SBayesRC/GCTB_v2.5.2/Apolipoprotein_B_adjstatins.imp_SBayesRC.snpRes,0.392213,425,Missing,,NA,NA,NA,0.392213,NA,0.392213,Biomarker,0.998932529,0.998932529,0.989062094,0.998932529,0.995641614,0.99564357,0.995634892,0.361892091,0.998932529
UKB_35BM_2021_Aspartate_aminotransferase,Aspartate aminotransferase,Aspartate aminotransferase,Biomarker,"Sinnott-Armstrong et al., 2021",Quantitative,Lot_Traits/UKB_35BM_2021/,Raw_GWAS/Aspartate_aminotransferase.imp,Cojo_files/Aspartate_aminotransferase.imp.ma,SBayesRC,GCTB_v2.5.2,2/8/2024,7.3M,EUR,361854,NA,NA,Yes,https://www.nature.com/articles/s41588-020-00757-z,/QRISdata/Q6913/Lot_Traits/UKB_35BM_2021/SBayesRC/GCTB_v2.5.2/Aspartate_aminotransferase.imp_SBayesRC.snpRes,0.205551,371,Missing,,NA,NA,NA,0.205551,NA,0.205551,Biomarker,0.999963851,0.999963851,0.979966214,0.999963851,0.996287658,0.996289843,0.996281754,0.206714957,0.999963851
UKB_35BM_2021_AST_ALT_ratio,AST to ALT ratio,AST to ALT ratio,Biomarker,"Sinnott-Armstrong et al., 2021",Quantitative,Lot_Traits/UKB_35BM_2021/,Raw_GWAS/AST_ALT_ratio.imp,Cojo_files/AST_ALT_ratio.imp.ma,SBayesRC,GCTB_v2.5.2,2/8/2024,7.3M,EUR,361764,NA,NA,Yes,https://www.nature.com/articles/s41588-020-00757-z,/QRISdata/Q6913/Lot_Traits/UKB_35BM_2021/SBayesRC/GCTB_v2.5.2/AST_ALT_ratio.imp_SBayesRC.snpRes,0.199583,309,Missing,,NA,NA,NA,0.199583,NA,0.199583,Biomarker,0.999980264,0.999980264,0.979618977,0.999980264,0.99119387,0.991203449,0.99119491,0.200103004,0.999980264
UKB_35BM_2021_C_reactive_protein,C-reactive protein,C-reactive protein,Biomarker,"Sinnott-Armstrong et al., 2021",Quantitative,Lot_Traits/UKB_35BM_2021/,Raw_GWAS/C_reactive_protein.imp,Cojo_files/C_reactive_protein.imp.ma,SBayesRC,GCTB_v2.5.2,2/8/2024,7.3M,EUR,363194,NA,NA,Yes,https://www.nature.com/articles/s41588-020-00757-z,/QRISdata/Q6913/Lot_Traits/UKB_35BM_2021/SBayesRC/GCTB_v2.5.2/C_reactive_protein.imp_SBayesRC.snpRes,0.276394,288,Missing,,NA,NA,NA,0.276394,NA,0.276394,Biomarker,0.999931461,0.999931461,0.986517126,0.999931461,0.999891276,0.999886886,0.999890645,0.27128666,0.999931461
UKB_35BM_2021_Calcium,Calcium,Calcium,Biomarker,"Sinnott-Armstrong et al., 2021",Quantitative,Lot_Traits/UKB_35BM_2021/,Raw_GWAS/Calcium.imp,Cojo_files/Calcium.imp.ma,SBayesRC,GCTB_v2.5.2,2/8/2024,7.3M,EUR,362443,NA,NA,Yes,https://www.nature.com/articles/s41588-020-00757-z,/QRISdata/Q6913/Lot_Traits/UKB_35BM_2021/SBayesRC/GCTB_v2.5.2/Calcium.imp_SBayesRC.snpRes,0.197604,283,Missing,,NA,NA,NA,0.197604,NA,0.197604,Biomarker,0.999966978,0.999966978,0.980300415,0.999966978,0.999696739,0.999693732,0.999691054,0.196764085,0.999966978
UKB_35BM_2021_Cholesterol_adjstatins,Cholesterol,Cholesterol,Biomarker,"Sinnott-Armstrong et al., 2021",Quantitative,Lot_Traits/UKB_35BM_2021/,Raw_GWAS/Cholesterol_adjstatins.imp,Cojo_files/Cholesterol_adjstatins.imp.ma,SBayesRC,GCTB_v2.5.2,2/8/2024,7.3M,EUR,332355,NA,NA,Yes,https://www.nature.com/articles/s41588-020-00757-z,/QRISdata/Q6913/Lot_Traits/UKB_35BM_2021/SBayesRC/GCTB_v2.5.2/Cholesterol_adjstatins.imp_SBayesRC.snpRes,0.326878,414,Missing,,NA,NA,NA,0.326878,NA,0.326878,Biomarker,0.998982563,0.998982563,0.97367437,0.998982563,0.992408226,0.992412629,0.992410093,0.319698163,0.998982563
UKB_35BM_2021_Creatinine,Creatinine,Creatinine,Biomarker,"Sinnott-Armstrong et al., 2021",Quantitative,Lot_Traits/UKB_35BM_2021/,Raw_GWAS/Creatinine.imp,Cojo_files/Creatinine.imp.ma,SBayesRC,GCTB_v2.5.2,2/8/2024,7.3M,EUR,363070,NA,NA,Yes,https://www.nature.com/articles/s41588-020-00757-z,/QRISdata/Q6913/Lot_Traits/UKB_35BM_2021/SBayesRC/GCTB_v2.5.2/Creatinine.imp_SBayesRC.snpRes,0.288523,533,Missing,,NA,NA,NA,0.288523,NA,0.288523,Biomarker,0.999983395,0.999983395,0.979607757,0.999983395,0.999415916,0.999417696,0.999406918,0.288452878,0.999983395
UKB_35BM_2021_Creatinine_in_urine,Creatinine in urine,Creatinine in urine,Biomarker,"Sinnott-Armstrong et al., 2021",Quantitative,Lot_Traits/UKB_35BM_2021/,Raw_GWAS/Creatinine_in_urine.imp,Cojo_files/Creatinine_in_urine.imp.ma,SBayesRC,GCTB_v2.5.2,2/8/2024,7.3M,EUR,352922,NA,NA,Yes,https://www.nature.com/articles/s41588-020-00757-z,/QRISdata/Q6913/Lot_Traits/UKB_35BM_2021/SBayesRC/GCTB_v2.5.2/Creatinine_in_urine.imp_SBayesRC.snpRes,0.082328,30,Missing,,NA,NA,NA,0.082328,NA,0.082328,Biomarker,0.999988352,0.999988352,0.980586355,0.999988352,0.999953471,0.999943353,0.99994962,0.083485324,0.999988352
UKB_35BM_2021_Cystatin_C,Cystatin C,Cystatin C,Biomarker,"Sinnott-Armstrong et al., 2021",Quantitative,Lot_Traits/UKB_35BM_2021/,Raw_GWAS/Cystatin_C.imp,Cojo_files/Cystatin_C.imp.ma,SBayesRC,GCTB_v2.5.2,2/8/2024,7.3M,EUR,363090,NA,NA,Yes,https://www.nature.com/articles/s41588-020-00757-z,/QRISdata/Q6913/Lot_Traits/UKB_35BM_2021/SBayesRC/GCTB_v2.5.2/Cystatin_C.imp_SBayesRC.snpRes,0.358757,463,Missing,,NA,NA,NA,0.358757,NA,0.358757,Biomarker,0.999990221,0.999990221,0.983877969,0.999990221,0.999967126,0.999965459,0.999950838,0.32986038,0.999990221
UKB_35BM_2021_Direct_bilirubin,Direct bilirubin,Direct bilirubin,Biomarker,"Sinnott-Armstrong et al., 2021",Quantitative,Lot_Traits/UKB_35BM_2021/,Raw_GWAS/Direct_bilirubin.imp,Cojo_files/Direct_bilirubin.imp.ma,SBayesRC,GCTB_v2.5.2,2/8/2024,7.3M,EUR,308695,NA,NA,Yes,https://www.nature.com/articles/s41588-020-00757-z,/QRISdata/Q6913/Lot_Traits/UKB_35BM_2021/SBayesRC/GCTB_v2.5.2/Direct_bilirubin.imp_SBayesRC.snpRes,0.345445,203,Missing,,NA,NA,NA,0.345445,NA,0.345445,Biomarker,0.999997449,0.999997449,0.775580234,0.999997449,0.999247459,0.999245149,0.999246568,0.309439296,0.999997449
UKB_35BM_2021_eGFR,eGFR,eGFR,Biomarker,"Sinnott-Armstrong et al., 2021",Quantitative,Lot_Traits/UKB_35BM_2021/,Raw_GWAS/eGFR.imp,Cojo_files/eGFR.imp.ma,SBayesRC,GCTB_v2.5.2,2/8/2024,7.3M,EUR,363070,NA,NA,Yes,https://www.nature.com/articles/s41588-020-00757-z,/QRISdata/Q6913/Lot_Traits/UKB_35BM_2021/SBayesRC/GCTB_v2.5.2/eGFR.imp_SBayesRC.snpRes,0.27637,510,Missing,,NA,NA,NA,0.27637,NA,0.27637,Biomarker,0.999975992,0.999975992,0.974551123,0.999975992,0.999345342,0.999345828,0.999340362,0.276882745,0.999975992
UKB_35BM_2021_Gamma_glutamyltransferase,Gamma glutamyltransferase,Gamma glutamyltransferase,Biomarker,"Sinnott-Armstrong et al., 2021",Quantitative,Lot_Traits/UKB_35BM_2021/,Raw_GWAS/Gamma_glutamyltransferase.imp,Cojo_files/Gamma_glutamyltransferase.imp.ma,SBayesRC,GCTB_v2.5.2,2/8/2024,7.3M,EUR,363026,NA,NA,Yes,https://www.nature.com/articles/s41588-020-00757-z,/QRISdata/Q6913/Lot_Traits/UKB_35BM_2021/SBayesRC/GCTB_v2.5.2/Gamma_glutamyltransferase.imp_SBayesRC.snpRes,0.315493,419,Missing,,NA,NA,NA,0.315493,NA,0.315493,Biomarker,0.998782505,0.998782505,0.986264468,0.998782505,0.997172924,0.997175976,0.99717049,0.326322432,0.998782505
UKB_35BM_2021_Glucose,Glucose,Glucose,Biomarker,"Sinnott-Armstrong et al., 2021",Quantitative,Lot_Traits/UKB_35BM_2021/,Raw_GWAS/Glucose.imp,Cojo_files/Glucose.imp.ma,SBayesRC,GCTB_v2.5.2,2/8/2024,7.3M,EUR,332079,NA,NA,Yes,https://www.nature.com/articles/s41588-020-00757-z,/QRISdata/Q6913/Lot_Traits/UKB_35BM_2021/SBayesRC/GCTB_v2.5.2/Glucose.imp_SBayesRC.snpRes,0.122048,137,Missing,,NA,NA,NA,0.122048,NA,0.122048,Biomarker,0.99999144,0.999991194,0.985169653,0.99999144,0.998175872,0.99817811,0.998180321,0.126922738,0.99999144
UKB_35BM_2021_Glycated_haemoglobin_HbA1c,HbA1c,HbA1c,Biomarker,"Sinnott-Armstrong et al., 2021",Quantitative,Lot_Traits/UKB_35BM_2021/,Raw_GWAS/Glycated_haemoglobin_HbA1c.imp,Cojo_files/Glycated_haemoglobin_HbA1c.imp.ma,SBayesRC,GCTB_v2.5.2,2/8/2024,7.3M,EUR,345814,NA,NA,Yes,https://www.nature.com/articles/s41588-020-00757-z,/QRISdata/Q6913/Lot_Traits/UKB_35BM_2021/SBayesRC/GCTB_v2.5.2/Glycated_haemoglobin_HbA1c.imp_SBayesRC.snpRes,0.321484,468,Missing,,NA,NA,NA,0.321484,NA,0.321484,Biomarker,0.999984417,0.999984417,0.982693836,0.999984417,0.997130612,0.997135586,0.997124256,0.324815413,0.999984417
UKB_35BM_2021_HDL_cholesterol,HDL cholesterol,HDL cholesterol,Biomarker,"Sinnott-Armstrong et al., 2021",Quantitative,Lot_Traits/UKB_35BM_2021/,Raw_GWAS/HDL_cholesterol.imp,Cojo_files/HDL_cholesterol.imp.ma,SBayesRC,GCTB_v2.5.2,2/8/2024,7.3M,EUR,332323,NA,NA,Yes,https://www.nature.com/articles/s41588-020-00757-z,/QRISdata/Q6913/Lot_Traits/UKB_35BM_2021/SBayesRC/GCTB_v2.5.2/HDL_cholesterol.imp_SBayesRC.snpRes,0.378985,390,Missing,,NA,NA,NA,0.378985,NA,0.378985,Biomarker,0.999995521,0.999995521,0.984922206,0.999995521,0.999769966,0.999766411,0.999764411,0.357599117,0.999995521
UKB_35BM_2021_IGF_1,IGF-1,IGF-1,Biomarker,"Sinnott-Armstrong et al., 2021",Quantitative,Lot_Traits/UKB_35BM_2021/,Raw_GWAS/IGF_1.imp,Cojo_files/IGF_1.imp.ma,SBayesRC,GCTB_v2.5.2,2/8/2024,7.3M,EUR,361107,NA,NA,Yes,https://www.nature.com/articles/s41588-020-00757-z,/QRISdata/Q6913/Lot_Traits/UKB_35BM_2021/SBayesRC/GCTB_v2.5.2/IGF_1.imp_SBayesRC.snpRes,0.322188,586,Missing,,NA,NA,NA,0.322188,NA,0.322188,Biomarker,0.999198762,0.999198762,0.981075711,0.999198762,0.999101779,0.999098818,0.999063628,0.327807002,0.999198762
UKB_35BM_2021_LDL_direct_adjstatins,LDL cholesterol,LDL cholesterol,Biomarker,"Sinnott-Armstrong et al., 2021",Quantitative,Lot_Traits/UKB_35BM_2021/,Raw_GWAS/LDL_direct_adjstatins.imp,Cojo_files/LDL_direct_adjstatins.imp.ma,SBayesRC,GCTB_v2.5.2,2/8/2024,7.3M,EUR,362516,NA,NA,Yes,https://www.nature.com/articles/s41588-020-00757-z,/QRISdata/Q6913/Lot_Traits/UKB_35BM_2021/SBayesRC/GCTB_v2.5.2/LDL_direct_adjstatins.imp_SBayesRC.snpRes,0.34114,391,Missing,,NA,NA,NA,0.34114,NA,0.34114,Biomarker,0.998948011,0.998948011,0.972880027,0.998948011,0.992088,0.992089117,0.992087987,0.326478369,0.998948011
UKB_35BM_2021_Lipoprotein_A,Lipoprotein A,Lipoprotein A,Biomarker,"Sinnott-Armstrong et al., 2021",Quantitative,Lot_Traits/UKB_35BM_2021/,Raw_GWAS/Lipoprotein_A.imp,Cojo_files/Lipoprotein_A.imp.ma,SBayesRC,GCTB_v2.5.2,2/8/2024,7.3M,EUR,290497,NA,NA,Yes,https://www.nature.com/articles/s41588-020-00757-z,/QRISdata/Q6913/Lot_Traits/UKB_35BM_2021/SBayesRC/GCTB_v2.5.2/Lipoprotein_A.imp_SBayesRC.snpRes,0.478661,358,Missing,,NA,NA,NA,0.478661,NA,0.478661,Biomarker,0.999999401,0.999999401,0.992326158,0.999999401,0.999994481,0.999994296,0.999992301,0.471043019,0.999999401
UKB_35BM_2021_Non_albumin_protein,Non-albumin protein,Non-albumin protein,Biomarker,"Sinnott-Armstrong et al., 2021",Quantitative,Lot_Traits/UKB_35BM_2021/,Raw_GWAS/Non_albumin_protein.imp,Cojo_files/Non_albumin_protein.imp.ma,SBayesRC,GCTB_v2.5.2,2/8/2024,7.3M,EUR,331979,NA,NA,Yes,https://www.nature.com/articles/s41588-020-00757-z,/QRISdata/Q6913/Lot_Traits/UKB_35BM_2021/SBayesRC/GCTB_v2.5.2/Non_albumin_protein.imp_SBayesRC.snpRes,0.281799,470,Missing,,NA,NA,NA,0.281799,NA,0.281799,Biomarker,0.999989982,0.999989982,0.963476561,0.999989982,0.99968213,0.999686107,0.999678466,0.287942923,0.999989982
UKB_35BM_2021_Phosphate,Phosphate,Phosphate,Biomarker,"Sinnott-Armstrong et al., 2021",Quantitative,Lot_Traits/UKB_35BM_2021/,Raw_GWAS/Phosphate.imp,Cojo_files/Phosphate.imp.ma,SBayesRC,GCTB_v2.5.2,2/8/2024,7.3M,EUR,331826,NA,NA,Yes,https://www.nature.com/articles/s41588-020-00757-z,/QRISdata/Q6913/Lot_Traits/UKB_35BM_2021/SBayesRC/GCTB_v2.5.2/Phosphate.imp_SBayesRC.snpRes,0.189469,244,Missing,,NA,NA,NA,0.189469,NA,0.189469,Biomarker,0.999954275,0.999954275,0.984644165,0.999954275,0.999921986,0.999925335,0.999923479,0.187977017,0.999954275
UKB_35BM_2021_Potassium_in_urine,Potassium in urine,Potassium in urine,Biomarker,"Sinnott-Armstrong et al., 2021",Quantitative,Lot_Traits/UKB_35BM_2021/,Raw_GWAS/Potassium_in_urine.imp,Cojo_files/Potassium_in_urine.imp.ma,SBayesRC,GCTB_v2.5.2,2/8/2024,7.3M,EUR,352180,NA,NA,Yes,https://www.nature.com/articles/s41588-020-00757-z,/QRISdata/Q6913/Lot_Traits/UKB_35BM_2021/SBayesRC/GCTB_v2.5.2/Potassium_in_urine.imp_SBayesRC.snpRes,0.050891,9,Missing,,NA,NA,NA,0.050891,NA,0.050891,Biomarker,0.99998984,0.99998984,0.979733858,0.99998984,0.999945301,0.999935418,0.999938125,0.051304828,0.99998984
UKB_35BM_2021_SHBG,SHBG,SHBG,Biomarker,"Sinnott-Armstrong et al., 2021",Quantitative,Lot_Traits/UKB_35BM_2021/,Raw_GWAS/SHBG.imp,Cojo_files/SHBG.imp.ma,SBayesRC,GCTB_v2.5.2,2/8/2024,7.3M,EUR,329122,NA,NA,Yes,https://www.nature.com/articles/s41588-020-00757-z,/QRISdata/Q6913/Lot_Traits/UKB_35BM_2021/SBayesRC/GCTB_v2.5.2/SHBG.imp_SBayesRC.snpRes,0.346319,391,Missing,,NA,NA,NA,0.346319,NA,0.346319,Biomarker,0.999986502,0.999986502,0.983760688,0.999986502,0.999931313,0.999935046,0.999928791,0.345668285,0.999986502
UKB_35BM_2021_Sodium_in_urine,Sodium in urine,Sodium in urine,Biomarker,"Sinnott-Armstrong et al., 2021",Quantitative,Lot_Traits/UKB_35BM_2021/,Raw_GWAS/Sodium_in_urine.imp,Cojo_files/Sodium_in_urine.imp.ma,SBayesRC,GCTB_v2.5.2,2/8/2024,7.3M,EUR,352164,NA,NA,Yes,https://www.nature.com/articles/s41588-020-00757-z,/QRISdata/Q6913/Lot_Traits/UKB_35BM_2021/SBayesRC/GCTB_v2.5.2/Sodium_in_urine.imp_SBayesRC.snpRes,0.085211,33,Missing,,NA,NA,NA,0.085211,NA,0.085211,Biomarker,0.999993197,0.999993197,0.980654485,0.999993197,0.999958842,0.999946691,0.999957496,0.086243175,0.999993197
UKB_35BM_2021_Testosterone,Testosterone,Testosterone,Biomarker,"Sinnott-Armstrong et al., 2021",Quantitative,Lot_Traits/UKB_35BM_2021/,Raw_GWAS/Testosterone.imp,Cojo_files/Testosterone.imp.ma,SBayesRC,GCTB_v2.5.2,2/8/2024,7.3M,EUR,329274,NA,NA,Yes,https://www.nature.com/articles/s41588-020-00757-z,/QRISdata/Q6913/Lot_Traits/UKB_35BM_2021/SBayesRC/GCTB_v2.5.2/Testosterone.imp_SBayesRC.snpRes,0.105201,120,Missing,,NA,NA,NA,0.105201,NA,0.105201,Biomarker,0.999965316,0.999965316,0.980752887,0.999965316,0.999880293,0.9998717,0.999873398,0.105790468,0.999965316
UKB_35BM_2021_Total_bilirubin,Total bilirubin,Total bilirubin,Biomarker,"Sinnott-Armstrong et al., 2021",Quantitative,Lot_Traits/UKB_35BM_2021/,Raw_GWAS/Total_bilirubin.imp,Cojo_files/Total_bilirubin.imp.ma,SBayesRC,GCTB_v2.5.2,2/8/2024,7.3M,EUR,361681,NA,NA,Yes,https://www.nature.com/articles/s41588-020-00757-z,/QRISdata/Q6913/Lot_Traits/UKB_35BM_2021/SBayesRC/GCTB_v2.5.2/Total_bilirubin.imp_SBayesRC.snpRes,0.458606,230,Missing,,NA,NA,NA,0.458606,NA,0.458606,Biomarker,0.99998431,0.99998431,0.885434853,0.99998431,0.999631011,0.999630376,0.999632464,0.432195992,0.99998431
UKB_35BM_2021_Total_protein,Total protein,Total protein,Biomarker,"Sinnott-Armstrong et al., 2021",Quantitative,Lot_Traits/UKB_35BM_2021/,Raw_GWAS/Total_protein.imp,Cojo_files/Total_protein.imp.ma,SBayesRC,GCTB_v2.5.2,2/8/2024,7.3M,EUR,331979,NA,NA,Yes,https://www.nature.com/articles/s41588-020-00757-z,/QRISdata/Q6913/Lot_Traits/UKB_35BM_2021/SBayesRC/GCTB_v2.5.2/Total_protein.imp_SBayesRC.snpRes,0.245318,386,Missing,,NA,NA,NA,0.245318,NA,0.245318,Biomarker,0.999981955,0.999981955,0.974423787,0.999981955,0.99974103,0.999747473,0.999744093,0.25041027,0.999981955
UKB_35BM_2021_Triglycerides,Triglycerides,Triglycerides,Biomarker,"Sinnott-Armstrong et al., 2021",Quantitative,Lot_Traits/UKB_35BM_2021/,Raw_GWAS/Triglycerides.imp,Cojo_files/Triglycerides.imp.ma,SBayesRC,GCTB_v2.5.2,2/8/2024,7.3M,EUR,362907,NA,NA,Yes,https://www.nature.com/articles/s41588-020-00757-z,/QRISdata/Q6913/Lot_Traits/UKB_35BM_2021/SBayesRC/GCTB_v2.5.2/Triglycerides.imp_SBayesRC.snpRes,0.28571,339,Missing,,NA,NA,NA,0.28571,NA,0.28571,Biomarker,0.999976896,0.999976896,0.982142679,0.999976896,0.999371055,0.999372511,0.999367105,0.274925998,0.999976896
UKB_35BM_2021_Urate,Urate,Urate,Biomarker,"Sinnott-Armstrong et al., 2021",Quantitative,Lot_Traits/UKB_35BM_2021/,Raw_GWAS/Urate.imp,Cojo_files/Urate.imp.ma,SBayesRC,GCTB_v2.5.2,2/8/2024,7.3M,EUR,362754,NA,NA,Yes,https://www.nature.com/articles/s41588-020-00757-z,/QRISdata/Q6913/Lot_Traits/UKB_35BM_2021/SBayesRC/GCTB_v2.5.2/Urate.imp_SBayesRC.snpRes,0.299457,339,Missing,,NA,NA,NA,0.299457,NA,0.299457,Biomarker,0.99998231,0.99998231,0.983386605,0.99998231,0.999947854,0.999952829,0.999905164,0.26424107,0.99998231
UKB_35BM_2021_Urea,Urea,Urea,Biomarker,"Sinnott-Armstrong et al., 2021",Quantitative,Lot_Traits/UKB_35BM_2021/,Raw_GWAS/Urea.imp,Cojo_files/Urea.imp.ma,SBayesRC,GCTB_v2.5.2,2/8/2024,7.3M,EUR,362973,NA,NA,Yes,https://www.nature.com/articles/s41588-020-00757-z,/QRISdata/Q6913/Lot_Traits/UKB_35BM_2021/SBayesRC/GCTB_v2.5.2/Urea.imp_SBayesRC.snpRes,0.164207,222,Missing,,NA,NA,NA,0.164207,NA,0.164207,Biomarker,0.999994062,0.999994062,0.982826451,0.999994062,0.999294195,0.999354117,0.999353104,0.16566293,0.999994062
UKB_35BM_2021_Vitamin_D,Vitamin D,Vitamin D,Biomarker,"Sinnott-Armstrong et al., 2021",Quantitative,Lot_Traits/UKB_35BM_2021/,Raw_GWAS/Vitamin_D.imp,Cojo_files/Vitamin_D.imp.ma,SBayesRC,GCTB_v2.5.2,2/8/2024,7.3M,EUR,346130,NA,NA,Yes,https://www.nature.com/articles/s41588-020-00757-z,/QRISdata/Q6913/Lot_Traits/UKB_35BM_2021/SBayesRC/GCTB_v2.5.2/Vitamin_D.imp_SBayesRC.snpRes,0.145889,94,Missing,,NA,NA,NA,0.145889,NA,0.145889,Biomarker,0.999992847,0.999992847,0.984164131,0.999992847,0.999556384,0.999557418,0.999560274,0.141752777,0.999992847